stars,date,review,sentiment_label,review_length
5.0,2026-07-27,아이 읽 선물 감사,1,22
5.0,2026-07-26,아이 읽 담 선물 감사,1,26
5.0,2026-07-20,딸아이 방학 때 읽 하,1,15
5.0,2026-07-20,다량 구매 착오 배송 되,1,26
5.0,2026-07-17,아이 핫하 책,1,14
3.75,2026-07-14,좋 책 보 읽히,0,19
5.0,2026-07-11,보 힐링 감동 남 추천,1,23
3.75,2026-07-05,,0,10
5.0,2026-06-18,좋 어른 되 생각 들 되 책 사장 같 사람 되 있,1,58
5.0,2026-06-13,기대 되,1,14
5.0,2026-06-09,바쁘 사회생활 속 힐링 시간 가지 있,1,30
5.0,2026-06-09,내용 재밌 힐링,1,13
5.0,2026-06-01,고등 수행 준비 사,1,12
5.0,2026-06-01,지인 추천 주문 읽 재미 있 지인 추천 재미있 읽,1,51
3.75,2026-05-30,책 표지 생각 예쁘,0,23
5.0,2026-05-16,아이 읽 구매,1,16
5.0,2026-05-16,아이 읽 구매,1,16
5.0,2026-05-09,생각 재미있,1,16
5.0,2026-05-08,내용 좋 선물 최고,1,23
5.0,2026-05-02,설정 불편 편의점 벌어지 인간 감정 대립 인하 갈등 좌절 극복 해피엔딩 끝나 사실 같 픽션,1,75
5.0,2026-04-01,오랜만 책 구입 읽 읽히 술 마시 읽 최고,1,46
5.0,2026-03-28,드림 주문 책 찾 가 아내 책 보 하 구매 표지 디자인 예쁘,1,61
5.0,2026-03-09,학교 수업 교재 사,1,13
5.0,2026-03-07,친구 추천 구매 책 좋,1,22
5.0,2026-02-26,재밌 읽,1,11
5.0,2026-02-25,불편 편의점 소설 내용 끝 읽 알 있 내용 제목 자체 호기심 생기 구입 생각 흡입력 좋 빨리 들어가,1,95
5.0,2026-02-21,오랜만 읽 다음번 읽 하,1,31
5.0,2026-02-14,읽히 재미있,1,16
5.0,2026-02-11,선물 구매 좋아하 기쁘 나중 읽,1,63
5.0,2026-02-02,아이 좋아하 지금 읽,1,25
5.0,2026-02-02,옥수수 수염 차 맛있 마시,1,17
5.0,2026-02-01,얼마 소설 읽 솟구치 감정 눈시울 붉히 모르 마디 리뷰 결국 인연 인연 살아가 인생 담 대화 부딪히 이해 공감 헤치 있 시간 개인 비극 좋아하 꼬이 실타래 풀어지 해피엔딩 좋아하 알 되 문제 해결 통하 사람 사람 신뢰 사랑 과정 카타르시스 느끼 자신 확인 있 시간 대립 분쟁 싫어하 사랑 테니스 클럽 쪼개 때 가 모두 떠나 동업 깨지 때 중재 이후 보 사 택하 독서 하 마음 공부 하 좋 점 자신 이해 일 전 세상 알 사업 성장 있 가정 인간관계 해내 있 자신 이해 위하 평생 바치 인생 생각 강하 스스로 알 자연 타인 삶 인정 되 독서 습관 들이 시작 독서 모임 크 깨달음 감사 감사,1,663
5.0,2026-01-27,읽 입 꼬리 올라가 읽 계절 가슴 있 책 힐링,1,59
5.0,2026-01-05,선물 책 살펴보 마음 들 구매 동생 읽 재밌 하 읽,1,75
5.0,2026-01-03,선물 추가 구매,1,18
5.0,2025-12-28,도서관 빌리 보 구입,1,29
5.0,2025-12-15,편의점 친숙 소재 감동 책,1,24
5.0,2025-12-06,읽 아이 읽 하 구매,1,25
5.0,2025-12-06,이야기,1,13
5.0,2025-11-26,평소 소설책 읽 지인 추천 오랜만 읽 재밌 읽,1,47
3.75,2025-11-22,현세 가슴 내용,0,29
5.0,2025-11-15,감동 이야기,1,11
5.0,2025-11-12,마음,1,11
5.0,2025-11-06,아들 추천 독서 목록 있 주문 배송 빠르 좋,1,34
5.0,2025-11-02,표지 예쁘 소장 구매 내용 재밌 힐링 되,1,35
5.0,2025-10-29,각각 스토리 재밌 마지막 연출 재밌,1,31
5.0,2025-10-26,재밌 읽,1,11
5.0,2025-10-21,추천 구매 읽,1,18
5.0,2025-10-21,읽 책 생각 있 책,1,30
5.0,2025-09-25,재밌 칭찬 읽 구매,1,31
5.0,2025-09-19,자 전 기상 직후 스마트폰 책 읽 목표 하 읽히 목표 지키 있,1,66
5.0,2025-09-19,재밌 힐링 책 사,1,22
5.0,2025-09-18,기대 되 작품,1,13
5.0,2025-09-18,집중 읽,1,12
5.0,2025-09-01,재미있 읽히,1,13
5.0,2025-08-30,책 읽 학교 선정 읽 주문 아이 좋아하 책 이제 소장,1,54
5.0,2025-08-29,책 좋 추천,1,10
5.0,2025-08-27,논술 학원 교재 구매 사 기대,1,29
5.0,2025-08-10,재밌 읽,1,11
5.0,2025-08-03,지인 추천 구매 기대,1,22
5.0,2025-08-01,독고 노숙자 민간인 살아가 과정 담기 내용 감동 부분 담기 슬프 책,1,57
5.0,2025-07-29,내용 좋,1,14
5.0,2025-07-24,공간 속 펼쳐지 작 이야기 있 사연 다정 품 소설,1,64
3.75,2025-07-06,읽히 글 막히 읽 궁금증 풀리 이야기 합치 속 삶 생각 글,0,83
5.0,2025-07-02,재밌 읽,1,13
5.0,2025-06-22,유명 소설 읽히 재미 감동 있,1,30
5.0,2025-06-19,읽 문제 연속 삶 가운데 마음 책,1,36
5.0,2025-06-12,재미있 하 구매 읽,1,24
5.0,2025-05-27,재미있 읽,1,12
5.0,2025-05-19,읽 책 읽히 좋,1,24
5.0,2025-05-15,동생 읽 하 사 책 읽 표지 한국 최고 힐링 소설 적히 자신 모르 쌓이 일상 스트레스 소설 읽 동안 조금 좋,1,126
5.0,2025-05-12,책 구성 깔끔 도움 되,1,22
5.0,2025-05-12,문장 몰입 되,1,17
5.0,2025-05-01,내용 재밌 공감,1,13
5.0,2025-05-01,내용 재밌 공감,1,12
5.0,2025-04-23,기대,1,11
5.0,2025-04-19,마음 책,1,13
5.0,2025-04-19,이야기 흐름 마음 소설 코로나 시대 배경 추억 소설,1,47
5.0,2025-04-09,감명 깊 읽 추천,1,21
5.0,2025-04-01,묻어나 책,1,15
5.0,2025-03-31,시간 가 모르 읽 뒷이야기 마음,1,38
5.0,2025-03-20,아이 학교 읽 추천 책 구매,1,24
5.0,2025-03-17,재미있 읽,1,13
5.0,2025-03-16,예전 읽 벚꽃에디션 맘 들 소장 주문,1,35
5.0,2025-03-09,가슴 먹먹하 읽히 느끼 읽,1,46
5.0,2025-02-25,읽 많 생각 디,1,19
5.0,2025-02-23,읽,1,9
5.0,2025-02-23,편안 숨 쉬 말 태도 관계 대하 뒤돌아보 되 책 느낌 의미 좋 재밌,1,64
5.0,2025-01-24,재밌 감동,1,13
5.0,2025-01-17,재미있 감동 있 책 보 연극 하 보 오,1,33
5.0,2025-01-14,힐링 주 소설 마음 책 우울 힘들 때 읽 좋 같 기대 하 보 소설 엄청나 명작,1,85
5.0,2025-01-12,추천 구매 기대,1,19
5.0,2025-01-02,재미있 읽,1,13
5.0,2024-12-30,재밌 읽,1,11
5.0,2024-12-18,유명 이유 있,1,12
5.0,2024-12-17,마음 이야기,1,18
5.0,2024-12-13,재미있,1,10
5.0,2024-12-13,재미있,1,10
5.0,2024-12-11,베스트셀러 있 사,1,24
5.0,2024-12-10,베스트셀러 이유 있 읽,1,27
5.0,2024-11-28,웹툰 보 책 보 감성 살 작품,1,29
5.0,2024-11-27,재미있 읽,1,10
5.0,2024-11-26,느끼 있 이야기,1,26
5.0,2024-11-23,처음 재밌 직 읽 책 읽 시작 읽 좋 같,1,57
5.0,2024-11-21,힐링 되 편의점,1,11
5.0,2024-11-12,읽 좋 책 감사,1,20
5.0,2024-11-12,읽 좋 책 감사,1,20
5.0,2024-11-04,재밌 읽 김호연 작가 작품 최고,1,30
5.0,2024-10-28,없 일,1,10
5.0,2024-10-28,선물 책 괜찮 책 따뜻하 책,1,18
5.0,2024-10-23,재밌,1,7
5.0,2024-10-23,힐링 때 읽 좋 사람 냄새 풍기 힐링 소설 추천,1,40
5.0,2024-10-22,아이 좋아하,1,8
5.0,2024-10-21,순식간 읽히 좋 책,1,16
5.0,2024-10-17,마음,1,13
5.0,2024-10-16,재미있 읽,1,9
3.75,2024-10-14,편하 읽 책,0,10
3.75,2024-10-13,기대 재밌 읽히 책,0,32
5.0,2024-10-10,재밌 하 읽 표지 이쁘,1,20
1.25,2024-10-02,하 반 읽 나가,0,17
5.0,2024-10-01,추천 구매,1,12
5.0,2024-09-29,재미있 읽,1,10
5.0,2024-09-21,마음 힐링 책 좋,1,15
5.0,2024-09-19,힐링 도서 재밌,1,16
5.0,2024-09-13,힐링 감성 편안 읽 좋 소설,1,23
5.0,2024-09-10,추천 책 소장 이쁘 책,1,21
5.0,2024-09-09,재미있 읽,1,10
5.0,2024-09-02,인기 많 하 구매 읽 기대,1,31
5.0,2024-08-27,재밋너 힐링,1,23
5.0,2024-08-26,힐링 책,1,10
5.0,2024-08-25,읽 기대,1,15
5.0,2024-08-23,좋 유익,1,12
5.0,2024-08-22,노숙자 편의점 알바 하 스토리 내용 힐링,1,47
5.0,2024-08-22,읽,1,13
5.0,2024-08-22,초등 아이 보 구매 재밌 읽,1,32
5.0,2024-08-22,책 흥미,1,12
5.0,2024-08-22,재밌 읽 책 소장,1,13
5.0,2024-08-21,선물 구매 만족,1,18
5.0,2024-08-19,중학 조카 읽 하 선물 재미나 읽 하,1,44
5.0,2024-08-19,읽,1,5
5.0,2024-08-19,책장 넘어가 재밌 읽,1,19
5.0,2024-08-17,학교 준비물,1,9
5.0,2024-08-14,가슴 책 오 읽 감동,1,28
5.0,2024-08-13,가슴 저리 최고 힐링 편의점 가,1,33
5.0,2024-08-10,독고 인간 감동 부르 일으키 읽 눈물,1,48
5.0,2024-08-06,인물 감정 깊 통찰 이입 인물 아끼 전하,1,55
5.0,2024-08-02,딸 읽 책 소장 하 구매,1,28
5.0,2024-08-01,감동 이야기,1,11
5.0,2024-07-31,성인 되 딸아이 읽 하 구입 학교 생활 사회 생활 지치 때 힐링,1,44
5.0,2024-07-29,웹툰 보 구매,1,15
5.0,2024-07-29,유익 책,1,9
3.75,2024-07-28,재밌 읽,0,15
5.0,2024-07-21,아이 재미있 읽,1,19
5.0,2024-07-21,재밌 읽,1,11
5.0,2024-07-20,편안 읽 책,1,16
5.0,2024-07-20,재미있 읽 동생 선물,1,23
3.75,2024-07-20,아이 재미있 읽,0,13
5.0,2024-07-19,재밌 읽,1,12
5.0,2024-07-18,최근 뮤직 드라마 예고 원작 소설 접하 되 힐링 소설 잔 보,1,45
5.0,2024-07-18,최근 뮤직 드라마 예고 원작 소설 접하 되 힐링 소설 잔 보,1,45
5.0,2024-07-15,독고 배려 심 깊,1,22
5.0,2024-07-10,책 추천,1,11
5.0,2024-07-07,빠르 정확 배송 감사,1,16
5.0,2024-07-07,감동 읽 참깨 참소주 참치 김밥 땡기,1,44
5.0,2024-07-06,아 추천 책 구입 요즘 표지 유행 책 읽 생기,1,50
5.0,2024-07-02,아이 재미있 읽,1,14
5.0,2024-07-01,요즘 소설 읽 재미 들리,1,17
5.0,2024-06-28,주변 아기 담 공감 되 느끼 있 소설,1,41
5.0,2024-06-25,읽 마음 편하,1,17
5.0,2024-06-25,재미있 읽,1,13
5.0,2024-06-22,내용,1,9
5.0,2024-06-21,읽 사,1,19
5.0,2024-06-17,가독성 좋 마지막 감동,1,21
5.0,2024-06-15,작가 감성 살 았음 보 인간 감수 표현 책,1,44
5.0,2024-06-15,이웃 친구 추천 책 생각나 구입 애 없 때 읽 표지 읽 읽 불편 편의점 가을 버전 보 기대 책,1,100
5.0,2024-06-14,감사,1,12
5.0,2024-06-14,읽 마음 몽글 책 감사,1,26
5.0,2024-06-13,유익 책,1,8
5.0,2024-06-11,재밌 보 읽 재밌,1,26
5.0,2024-06-09,하루 읽 책 하,1,17
5.0,2024-06-08,재미 감동 동시,1,11
5.0,2024-06-07,배송 되 읽 마음 읽 책 생각 보 읽 마음 열리 결말 읽 리뷰 비하 하 고민 웹툰 나오 같 웹툰 챙기,1,159
5.0,2024-06-06,도움 되 읽,1,13
5.0,2024-06-05,힐링 자체,1,10
5.0,2024-06-05,마음,1,11
5.0,2024-06-04,공감 내용,1,11
5.0,2024-06-03,기분 좋 미소 책 덕분 날 되 지내,1,50
5.0,2024-06-02,재미있 읽,1,13
5.0,2024-05-31,재밌 힐링,1,15
5.0,2024-05-31,재밌 힐링,1,12
5.0,2024-05-31,딸 재미있 추천 책 딸 추천 학년 친구 선물 재미있 읽 합 니 디,1,58
5.0,2024-05-28,웹툰 나오 읽,1,21
5.0,2024-05-27,구매 작가 사인,1,28
5.0,2024-05-26,하루 읽 정도 재밌,1,15
5.0,2024-05-25,표지 예쁘 후기 많 구매,1,22
5.0,2024-05-23,산해진미 도시락,1,8
5.0,2024-05-17,읽 재미있,1,13
5.0,2024-05-16,힐링 때 꺼내 책 자 전 읽 하루 마무리 채우 책,1,48
5.0,2024-05-15,수행평가 도움,1,11
5.0,2024-05-15,책 쓰 작가 감사,1,16
5.0,2024-05-15,초등학교 학년 아들 읽 재미있 하,1,25
3.75,2024-05-14,가슴 책,0,10
5.0,2024-05-14,재밌 읽,1,12
3.75,2024-05-13,불편 편의점 불편 인생 열쇠 찾아가 공간 삶 방향키 손 쥐 느낌 기대,0,70
5.0,2024-05-10,재미나 읽 많 사람 보 이유 있,1,31
5.0,2024-05-09,힐링 되 재미 슬픔 느낌 있 좋,1,37
5.0,2024-05-07,읽 소설 오랜만 힐링 좋,1,28
5.0,2024-05-07,주인공 서사 기대 책,1,31
5.0,2024-05-07,주인공 서사 풀 읽히 책 서사 책,1,42
5.0,2024-05-05,굿 드,1,2
3.75,2024-05-03,오래간만 읽 책 재미있 며칠 안 읽 주인공 독고 궁금하 읽 주변 사람 책 읽,0,86
5.0,2024-05-03,재미있 읽,1,12
5.0,2024-05-02,재미있 읽,1,13
5.0,2024-04-30,주변 추천 읽 되 읽 힐링 마음 느낌 오랜만 소설 읽 추천,1,69
5.0,2024-04-30,좋 좋 사,1,12
5.0,2024-04-30,읽히 좋 각자 사연 일으키 사람 주 독고 풍,1,50
5.0,2024-04-27,재미있 읽,1,12
5.0,2024-04-27,선물 사 책,1,10
5.0,2024-04-23,평 좋 읽 시작 글 힐링 되 반나절 읽 일상 생활 있 이야기 모이 집중 읽,1,82
5.0,2024-04-21,에디션 표지 예쁘,1,13
5.0,2024-04-19,좋 흡입 읽,1,13
5.0,2024-04-19,재밌 읽,1,11
5.0,2024-04-19,힐링 책,1,14
5.0,2024-04-17,일상 이야기 접근,1,20
5.0,2024-04-14,작가 다루 작품 연극 보 후 완전 팬 되 매력 있 인물 책 힐링템,1,59
5.0,2024-04-09,소문 읽 문체 감기,1,27
5.0,2024-04-09,미음 글,1,21
5.0,2024-04-08,아이 재미있 읽,1,14
5.0,2024-04-06,엄마 드리 읽 괜찮,1,27
5.0,2024-04-03,재미 감동 있 책 기대,1,22
5.0,2024-04-02,킬링 타임 좋,1,13
5.0,2024-04-02,재밌 보 책,1,19
5.0,2024-04-01,기다리 기다리 책 읽,1,25
5.0,2024-03-31,읽 시간 나 읽,1,27
5.0,2024-03-29,읽,1,8
5.0,2024-03-28,마음 하루 읽,1,21
5.0,2024-03-28,전 읽 생각 하 구매 읽 재미 있 마음 같 책 비닐 고정 되 상하 도착 일 없 읽,1,100
5.0,2024-03-25,재미있 읽 있 책 좋,1,24
5.0,2024-03-18,읽 책 구입,1,26
5.0,2024-03-18,좋아하 책 소중하 재밌,1,26
5.0,2024-03-18,재마 있,1,8
5.0,2024-03-17,딸 초등학생 되 읽 주 예정 문장 읽히,1,37
5.0,2024-03-17,주문 기대,1,12
5.0,2024-03-15,시간 가 모르 재밌 읽,1,22
5.0,2024-03-13,엄마 읽 베스트 셀러,1,17
5.0,2024-03-12,표지 도서 명 보 기억 남 책 읽 읽히 공감 힐링 되 머릿속 장면 상상 소설 재밌 읽,1,90
5.0,2024-03-04,베스트셀러 구매 재밌 읽히,1,31
5.0,2024-03-04,베스트 셀러 구매 읽히 아이 재밌 하,1,37
5.0,2024-03-01,읽,1,12
5.0,2024-02-28,재밌 읽히,1,14
5.0,2024-02-27,초입 읽 재밋 같,1,19
5.0,2024-02-26,재밌 읽 선물 구매,1,36
5.0,2024-02-26,읽히 좋 재밌 읽 친구 선물 주 주문,1,45
5.0,2024-02-23,불편 편의점 재미있,1,13
5.0,2024-02-21,이틀 읽 몰입 되 감동 하 따뜻하 책 작가 사랑,1,68
5.0,2024-02-21,고단하 삶 위로 되,1,20
5.0,2024-02-21,고단하 삶 위로 되,1,20
5.0,2024-02-20,포장 되 배송 오 만족,1,24
5.0,2024-02-20,친구 읽 하 생일 선물 구매,1,24
5.0,2024-02-18,재밌 읽,1,18
5.0,2024-02-16,힐링 하 좋,1,10
5.0,2024-02-15,힐링 되,1,7
5.0,2024-02-14,포장 되 배송 오 만족,1,24
5.0,2024-02-13,재밌 힐링 좋,1,14
5.0,2024-02-13,재밌 감동 자체 보 울,1,27
5.0,2024-02-08,최고 힐링 도서 읽 위로 친구 선물,1,38
5.0,2024-02-08,불편 편의 전 독고,1,10
5.0,2024-02-08,오랜만 읽 소설책 인기 들썩거리 구매 최근 뉴스 표지 이름 내용 책 출판 많 구매 때 조심 내용 하 생각 내용 읽 따르 소소하 힐링 되 있 내용 생각 일주일 읽 하,1,210
3.75,2024-02-07,재미있 읽 추천,0,12
1.25,2024-02-07,책 읽 불편 점 술 마시 기독교인 표현 문장 술 취하 괜찮 합리 문맥 모르 당시 시대 상황 포도주 지금 물 같 점 알리 술 마시 기독교인 모습 짧 글 남기,0,156
5.0,2024-02-07,소장 용 책 예쁘 맘 들,1,20
5.0,2024-02-07,책 예쁘 같 좋,1,13
5.0,2024-02-04,구입 읽 재미있 유익 읽 구입 선물,1,44
5.0,2024-02-01,겨울 따뜻하 읽,1,17
5.0,2024-01-30,선물 위하 준비 시간 지나 읽 감동 있 책,1,41
5.0,2024-01-30,마음 들 추천,1,11
5.0,2024-01-29,재미 감동 주 좋 책 생각,1,39
5.0,2024-01-29,편하 읽 있 선물 구매,1,23
5.0,2024-01-28,조카 선물 구매 좋 선물 되,1,23
5.0,2024-01-28,재미있 겨울 선물 에디션 사은품 생각 괜찮,1,35
5.0,2024-01-26,잠 자 표지 힐링,1,21
3.75,2024-01-26,마지막 결말 급하 마무리 느낌,0,29
5.0,2024-01-24,아이 좋 히,1,10
5.0,2024-01-24,감명 깊 읽,1,13
5.0,2024-01-22,유용 활용,1,17
5.0,2024-01-21,마음 깊 울림 주 책,1,29
5.0,2024-01-20,글 읽히 재밌 베스트셀러,1,31
5.0,2024-01-19,방학 때 보,1,15
5.0,2024-01-19,아이 보,1,14
5.0,2024-01-18,제목 마음 끌리 주문 책 도착 읽,1,34
5.0,2024-01-16,재밌 책 오랜만 읽 재밌,1,24
5.0,2024-01-15,일상 속 편의점 문제 해결 모습 힐링,1,32
5.0,2024-01-12,불편 편의점 재밌,1,15
5.0,2024-01-12,불편 편의점 재밌,1,15
5.0,2024-01-11,조카 선물 좋아하,1,18
3.75,2024-01-10,배송 빠르 힐링,0,13
5.0,2024-01-10,재밌 읽 책,1,36
5.0,2024-01-08,일상 안 편의점 이야기 담 읽히 편안 마음 읽,1,43
5.0,2024-01-08,겨울 에디션 나오 전 읽 책 보 감동 소설 힐링 되,1,44
5.0,2024-01-05,읽 편안 책 선물 구입,1,26
5.0,2024-01-01,재밌 순식간 읽,1,15
5.0,2023-12-31,선물 사 좋 책,1,19
5.0,2023-12-30,학년 초등학생 읽 사 재미있,1,29
5.0,2023-12-29,스마트폰 신경 기울이 책 몰두 기억 최근 없 책 넘 몰두 읽 이틀 완 독 읽히,1,85
5.0,2023-12-28,읽 책 기대,1,13
5.0,2023-12-27,순식간 읽히,1,10
5.0,2023-12-26,겨울 에디션 구매,1,16
5.0,2023-12-26,유명 겨울 선물 에디션 이야기 장바구니 담 재미있,1,48
5.0,2023-12-24,좋 좋,1,14
5.0,2023-12-24,좋 좋,1,14
5.0,2023-12-24,추천 재미있 습 미 자,1,11
5.0,2023-12-23,마음 책 추천,1,22
3.75,2023-12-23,좋 세상 사 맛 있,0,15
5.0,2023-12-22,초반 좋 도서,1,16
5.0,2023-12-21,재밌 읽 추천,1,15
5.0,2023-12-20,재 있 감동 있 힐링 책 강력 추천,1,32
5.0,2023-12-20,재밌 보 글 읽히 시간 내 보 좋,1,32
5.0,2023-12-18,오랜만 소설책 읽 읽 불편 편의점 구매 재밌,1,46
5.0,2023-12-18,재미있 읽 선물 하 구매 선물 사람 읽 좋 배송 감사,1,82
5.0,2023-12-17,읽 아이 좋 크 읽 추천,1,35
5.0,2023-12-15,시작 읽히 재밌 읽,1,24
5.0,2023-12-15,아들 위하 책 선물 마음 책 좋,1,28
5.0,2023-12-14,재미있 읽 일상 닿 같 좋,1,34
5.0,2023-12-13,재밌 읽 추천,1,13
5.0,2023-12-10,재밌 추천 구입,1,15
5.0,2023-12-05,재미있 읽히,1,12
5.0,2023-12-05,재미있 읽 선물 하 구매 선 물 사람 읽 좋 배송 습 니 감사,1,84
5.0,2023-12-04,관련 분야 공부 도움 되,1,13
5.0,2023-12-04,공감 좋 내용,1,13
5.0,2023-12-04,마음,1,9
5.0,2023-12-04,좋 좋 좋,1,13
5.0,2023-12-03,재미있 읽,1,9
5.0,2023-12-03,좋 책 사,1,12
5.0,2023-12-03,좋 책 사,1,12
5.0,2023-12-03,좋 책 사,1,13
5.0,2023-12-03,,1,10
3.75,2023-12-02,읽 재미있 같,0,19
5.0,2023-11-30,재밌 읽,1,17
5.0,2023-11-28,재미있 베스트 셀러,1,12
5.0,2023-11-26,에피소드 좋 기대,1,24
5.0,2023-11-26,평소 소설 읽 청소년 인간관계 관하 주제 다루 책 읽 소설 관심 없 이번 교보문고 가 되 일 있 가 저번 친구 불편 편의점 나오 좋아하 모습 생각 나 없 앞 부분 읽 생각 들 자리 읽 되 책 읽 소설 만화책 장문 버전 생각 어리석 마음 사라지 책 안 던지 조언 모르 현실 공감 부분 초겨울 마음 구성 캐릭터 완벽 서사 만들 제작자 엄청나 노력 기울이 보이 덕분 다양 책 접하 있 거리낌 접하 되 같 감사,1,432
5.0,2023-11-26,추천 감동 이야기,1,14
5.0,2023-11-25,감동 가슴 이야기 읽 쉬 시간 필요 현대인 추천,1,53
5.0,2023-11-25,재밌,1,5
5.0,2023-11-24,재미있 보,1,10
5.0,2023-11-24,재밌,1,5
5.0,2023-11-21,재밌 읽,1,12
5.0,2023-11-19,재밌 읽,1,10
5.0,2023-11-19,,1,44
5.0,2023-11-19,,1,44
5.0,2023-11-19,재밌 보,1,11
5.0,2023-11-18,좋 책 좋 디자인 힐링,1,15
5.0,2023-11-17,오랫만 마음 페이지 순삭,1,28
5.0,2023-11-13,오랜만 사 소설 재밌,1,15
5.0,2023-11-11,외모 지상주의 바뀌 인식 반성 되 주위 둘러보 책 읽 동안 힐링 되 책,1,67
5.0,2023-11-08,호의 선순환 이루어지 소설 내용 돌맹이 물결 번지 사람 호의 갖 가능 확장 대하 생각 되 호의 베풀 어른 살 마음 소설 시작 끝 손 놓 작품,1,160
5.0,2023-11-06,아이 좋아하 책 표지 예쁘 에디션 구입,1,45
5.0,2023-11-05,불편 사람 감동 일상 힐링,1,22
5.0,2023-11-04,연극 보 구매 잼 있 ᆢ,1,19
1.25,2023-11-01,,0,13
5.0,2023-10-31,힐링 소설 글귀 고급 읽 행복,1,31
5.0,2023-10-31,재미있 읽,1,12
5.0,2023-10-28,읽 있 힐링 소설 같,1,21
5.0,2023-10-27,내용 좋 추천,1,12
5.0,2023-10-26,기대 책 오랜만 책 빠지 읽 힐링 필요 추천,1,52
5.0,2023-10-26,마음 책,1,14
5.0,2023-10-22,감동,1,12
5.0,2023-10-21,오랜만 감성 느끼,1,18
5.0,2023-10-20,조카 선물 다양 사연 모습 생활 모습 보 조카 사람 대하 이해 폭 넓히 하,1,69
5.0,2023-10-18,시간 때우 읽 재미있 감동,1,26
5.0,2023-10-18,자 전 읽 좋,1,12
5.0,2023-10-18,재밌 읽 가슴,1,23
5.0,2023-10-18,아이 재밌 읽,1,14
5.0,2023-10-15,힐링 소설 하 구매 기대,1,23
5.0,2023-10-14,재미 읽 생각 하 되 여운 가,1,37
5.0,2023-10-10,착하 이야기 엄청나 인기 있 이유 모르,1,35
5.0,2023-10-10,재밌 이득 핵 이득,1,14
5.0,2023-10-09,마음 책,1,15
5.0,2023-10-08,서로 서로 손,1,11
5.0,2023-10-08,재밌 유닉 하 만족,1,18
5.0,2023-10-07,읽히 재미있 읽,1,31
5.0,2023-10-07,마음 책,1,15
5.0,2023-10-06,많 사람 사랑 이유 있,1,25
5.0,2023-10-05,잼 있 보,1,12
5.0,2023-09-30,호흡 읽 있,1,17
5.0,2023-09-29,마음 책,1,14
5.0,2023-09-29,재미있 편도,1,11
5.0,2023-09-29,재미있,1,10
5.0,2023-09-28,읽히 재미있,1,12
5.0,2023-09-28,재미있,1,5
5.0,2023-09-28,,1,23
5.0,2023-09-26,인터넷 카드 리뷰 보 구매 내용 같 읽 책 읽 읽 요즘 뉴스 보 흉흉하 책 읽 마음 좋 있 사 예정,1,121
5.0,2023-09-25,나 힐링,1,10
5.0,2023-09-24,학교 추천서 읽 읽히,1,20
5.0,2023-09-23,학교 추천서 사 재미 나 보,1,30
5.0,2023-09-20,도서관 빌리 읽 감동 구매 내용 힐링 되,1,31
5.0,2023-09-20,내용 좋 추천,1,14
5.0,2023-09-19,선물 책,1,9
5.0,2023-09-19,좋 인사이트 있 책,1,22
5.0,2023-09-15,내용 좋 지인 선물 하,1,25
5.0,2023-09-15,읽 힐링 요즘 시기 유행,1,23
5.0,2023-09-15,어머니 좋아하 구매,1,20
3.75,2023-09-13,시대 문제점 녹이 감성 잃 읽 편안 다양 인물 상황 몰입 좋,0,82
5.0,2023-09-10,재밌 읽 아이 재밌 읽 감동,1,34
5.0,2023-09-09,지인 추천 읽 되 순식간 하,1,37
5.0,2023-09-04,,1,4
5.0,2023-09-04,지인 선물 재미있,1,17
5.0,2023-09-01,내욜 읽히 시간 가 모르 보 책 중간 정도 읽 그만두 버릇 있 책 재밌 회사 점심시간 시간 내 읽 정도 재밌 결국 삶 관계 관계 소통 책 소개 어울리 사 보,1,165
5.0,2023-08-30,오랜만 마음,1,17
5.0,2023-08-29,남녀노소 사람 감동 위로 주 책,1,26
5.0,2023-08-25,친구 선물 좋아하,1,18
5.0,2023-08-24,최고 최고,1,10
5.0,2023-08-23,재미 감동,1,16
5.0,2023-08-22,쉼 읽히 재미 감동 만족,1,30
5.0,2023-08-22,쉬 읽 공감 재미 만족,1,28
5.0,2023-08-20,재미있 보,1,10
3.75,2023-08-20,오랜만 책 사 기대 책,0,19
2.5,2023-08-20,삶 관계,0,11
5.0,2023-08-18,지인 사 보 좋,1,15
5.0,2023-08-16,힐링 이야기,1,12
5.0,2023-08-16,읽 마음,1,14
5.0,2023-08-16,책 읽 책장 넘기 느리 넘기 많 인생 보 공감 위로 힐링,1,69
5.0,2023-08-15,재미나 읽,1,12
5.0,2023-08-13,힐링 도서,1,11
5.0,2023-08-07,재미 감동 동시 주 책 읽히,1,29
5.0,2023-08-07,재미 감동 동시 주 책 읽히,1,29
5.0,2023-08-05,읽히 힐링 책,1,15
5.0,2023-08-03,책 속 이야기 빠지,1,15
3.75,2023-08-03,편의점 세계 입문,0,13
5.0,2023-08-01,추천 남자 친구 선물 구매 재밋 선물,1,43
5.0,2023-07-31,아이 읽 구입 재밌 하,1,30
5.0,2023-07-30,방학 동안 추천 도서 주문,1,17
5.0,2023-07-29,추천 기대 주문 예쁘 기대,1,33
5.0,2023-07-29,아이 고르 책 재미있 읽,1,17
5.0,2023-07-29,아이 고르 책 재미있 읽,1,18
5.0,2023-07-26,재미있 읽,1,12
5.0,2023-07-26,재미있 읽,1,13
3.75,2023-07-25,재미있 읽,0,13
5.0,2023-07-24,책 감동 이야기,1,14
5.0,2023-07-23,좋 좋 책,1,11
5.0,2023-07-23,가슴 이야기 감동 주변 추천,1,38
5.0,2023-07-21,재미 감동 느끼 있,1,19
5.0,2023-07-19,베스트셀러 있 알 재미 읽,1,37
5.0,2023-07-19,내용 재미있,1,10
5.0,2023-07-18,오랜만 마음 몽글,1,14
5.0,2023-07-18,오랜만 이야기,1,12
5.0,2023-07-15,아이 원하 구입,1,13
5.0,2023-07-14,재밌 보,1,11
5.0,2023-07-14,지인 추천 책 사 읽,1,23
5.0,2023-07-13,감동 울 좋,1,19
5.0,2023-07-13,배송 빠르 포장 힐링,1,23
5.0,2023-07-09,자극 소재 없 힐링 때 편하 읽 있 책,1,41
5.0,2023-07-06,코로나 시국 때 일어나 이야기 공감 재미있 읽히 쉬,1,48
5.0,2023-07-05,잔잔하 읽 좋 책,1,12
5.0,2023-07-05,어른,1,15
5.0,2023-07-02,힐링 힐링,1,10
5.0,2023-07-02,시간 가 모르 읽,1,16
3.75,2023-06-30,감동 재밌,0,14
5.0,2023-06-29,주변 소소하 일상 그리 공감 가 내용,1,28
5.0,2023-06-28,앉 자리 끝 읽 감동,1,29
5.0,2023-06-26,잼 있 아이 읽,1,16
5.0,2023-06-25,일반 시민 애환 녹이 쓰 재밌 이야기,1,33
5.0,2023-06-25,재미있 감동 책,1,15
5.0,2023-06-25,소소하 이야기 감동,1,14
5.0,2023-06-25,생각 재미있 읽,1,15
5.0,2023-06-24,읽 넘어가,1,11
5.0,2023-06-21,오랜만 가슴 재미있 한숨 읽,1,31
5.0,2023-06-21,다음 작품 기다리 작품 주변 있 하 이야기 공감 되 동화,1,64
5.0,2023-06-21,세대 보 있 책 같 구입,1,17
5.0,2023-06-20,재미있 읽 구매,1,14
5.0,2023-06-20,재밌 따듯하 청파동 들리 자리 서 불편 편의점 읽 동안 행복,1,78
3.75,2023-06-16,읽 책 권하 정도,0,29
5.0,2023-06-16,초등 학년 여아 좋,1,15
5.0,2023-06-16,공감 얘기 많,1,13
3.75,2023-06-15,가슴 먹먹하 이야기 읽,0,17
5.0,2023-06-13,끌리 제목 구매 재밌 공감 가 내용,1,38
5.0,2023-06-09,재미있 보,1,11
5.0,2023-06-08,인연 고리 최고 선물 슬픔 감동 잼 있 보,1,42
5.0,2023-06-07,마음 책 기대 되,1,30
5.0,2023-06-06,시간 가 모르 보,1,15
5.0,2023-06-05,재밌 보,1,18
5.0,2023-06-05,읽 읽 맘 느끼,1,21
5.0,2023-06-03,힐링 좋 책 추천,1,22
5.0,2023-05-31,아이 재미 있,1,13
5.0,2023-05-30,어른 어른 등장 책,1,19
5.0,2023-05-30,술 술 술 재미나 읽히 소설,1,21
5.0,2023-05-30,재밌,1,14
5.0,2023-05-28,베스트셀러 이유 있 좋,1,21
5.0,2023-05-25,편의점 베스트셀러 참치 김밥 참깨 참이슬,1,28
5.0,2023-05-23,추천 구매 추천 이유 있 재미있 읽,1,36
5.0,2023-05-22,시간 가 모르 읽,1,18
5.0,2023-05-22,이야기 힐링 자체,1,18
5.0,2023-05-21,다 읽 이유 있,1,16
5.0,2023-05-20,재 있 읽,1,10
5.0,2023-05-20,읽 하 재밌,1,14
5.0,2023-05-19,배송 빠르 좋 재미나,1,20
5.0,2023-05-18,다양 사람 관하 이야기 소소하 재밌,1,26
5.0,2023-05-18,읽 마음,1,15
5.0,2023-05-18,재밌 하 사 재미있 친숙 편의점 소재 하 좋,1,50
5.0,2023-05-17,,1,23
5.0,2023-05-17,,1,23
5.0,2023-05-17,,1,23
5.0,2023-05-17,읽히 재밌,1,11
5.0,2023-05-16,평범하 읽히 매력,1,17
5.0,2023-05-16,힘들 짜증 나 나날 연속 힐링,1,23
5.0,2023-05-16,책 읽히 재밌 이해도,1,26
5.0,2023-05-15,감명 깊 읽,1,13
5.0,2023-05-15,감명 깊 읽,1,11
5.0,2023-05-12,재밌,1,4
5.0,2023-05-12,추천 소설,1,17
5.0,2023-05-12,인사이트 있 책,1,19
5.0,2023-05-11,힘들 시기 읽 좋 책 마음,1,29
5.0,2023-05-11,최근 머리 재밌 책 읽 마음 나아지 편안 넘,1,61
5.0,2023-05-10,재밌 읽,1,12
5.0,2023-05-09,좋 책 세권 사람 위하 필요 같 구매 신청,1,41
5.0,2023-05-09,재미있 읽 있,1,17
5.0,2023-05-09,읽 시간 가 재밌,1,16
3.75,2023-05-08,순식간 읽 내려가,0,11
5.0,2023-05-06,은퇴 점주 노숙자 단기 알바 찾 손 통하 인생 깊이 새기 있 재미있 작품,1,67
5.0,2023-05-05,좋 책 같,1,10
3.75,2023-05-03,주인공 마지막 기대 소설 힐링 보 하,0,45
5.0,2023-05-03,재미있 읽 선물 주 사,1,23
5.0,2023-05-03,깔끔 읽히 소설책,1,18
5.0,2023-05-03,읽히 눈물 나오,1,15
5.0,2023-05-03,소설 읽히,1,12
5.0,2023-05-02,감동 소설,1,12
5.0,2023-05-02,감동 책 아이 읽,1,26
3.75,2023-05-02,재밌 내용 중간 반전 있 내용 현실 묘사 되 같,0,43
5.0,2023-04-30,읽히 내용 맘 들,1,17
5.0,2023-04-30,하루 읽 재미있,1,18
5.0,2023-04-30,재밌 최고,1,11
5.0,2023-04-30,많 교훈 책,1,19
5.0,2023-04-29,감사 좋 작품 좋 글 읽 있,1,38
5.0,2023-04-28,읽히 책 추리 소설 느낌 책 선호 마음 독서,1,66
5.0,2023-04-27,재미있 읽,1,11
5.0,2023-04-24,아이 읽 하 사,1,14
5.0,2023-04-24,아이 읽 하 사,1,13
5.0,2023-04-21,편하 읽 있 이여기,1,18
5.0,2023-04-20,공감 가슴 좋 책 읽 기대,1,42
5.0,2023-04-18,편의점 운영 입장 공감 많 내용 재밌,1,37
5.0,2023-04-18,인기 있 알 격하 감동 곁 일어나 일 같 감동,1,49
5.0,2023-04-17,퇴근 후 들리 있 불편 편의점 있,1,31
5.0,2023-04-17,오랜만 읽 책 읽 시작 재미있 시간 가 모르,1,39
5.0,2023-04-16,보 내용 재밌 주문 며칠 읽 재밌 읽 동안 울 아이 읽 추천,1,104
5.0,2023-04-16,재미있 읽 편하 읽 있,1,26
5.0,2023-04-15,넘어가 앉 자리 읽,1,25
5.0,2023-04-15,순식간 읽 재밌,1,16
5.0,2023-04-15,가슴 봄날 벗꽃 글 감동 깊 읽 구매,1,42
5.0,2023-04-15,세상 살아가 사람 이유 삷 가치 배우 되,1,39
5.0,2023-04-14,읽히 베스트샐러 이유 있,1,23
3.75,2023-04-14,부르 내용,0,11
5.0,2023-04-14,재미있 읽히,1,14
5.0,2023-04-13,읽 추천 읽,1,29
5.0,2023-04-13,내용 흥미 재밌 알,1,24
5.0,2023-04-12,재밌 읽 친구 선물,1,19
5.0,2023-04-11,생각 하 소설,1,21
5.0,2023-04-09,베스트셀러 연령대 읽히 가족 읽,1,48
5.0,2023-04-09,힐링 재미있,1,11
5.0,2023-04-09,세상 마음 소재 잼 있 읽,1,44
5.0,2023-04-09,아이 읽 좋,1,15
5.0,2023-04-08,따뜻하 이야기 좋,1,13
5.0,2023-04-07,읽 하 읽 책 있,1,22
5.0,2023-04-07,읽 하 빠르 배송 감사 설레 안 구매 읽 책 보 읽,1,52
5.0,2023-04-06,불편 편의점 마음 생각 잼 있 읽,1,38
5.0,2023-04-06,공부 도움 되,1,23
5.0,2023-04-05,우정 역사 최고,1,20
5.0,2023-04-05,동네 근처 배경 하 좋,1,23
5.0,2023-04-03,아들 읽 주문,1,20
5.0,2023-04-03,가슴 내용 책 주변 책 속 인물 있 같,1,47
3.75,2023-04-03,책 읽 마음 세상,0,28
5.0,2023-04-02,시간 가 모르 재미있 마지막 부분 마음 울리,1,39
5.0,2023-04-02,읽 기대,1,16
5.0,2023-04-01,봄날 마음 책,1,17
2.5,2023-03-31,재미있 부분 있 어쩌 종이 채우 부분 있 읽 팔,0,50
3.75,2023-03-30,재밌 인터넷 소설 읽 느낌 구매,0,36
5.0,2023-03-30,오랜만 재미있 읽 있 소설,1,24
5.0,2023-03-28,시간 가 모르 읽,1,17
5.0,2023-03-28,불편 편의점 재미있,1,16
5.0,2023-03-28,불편 편의점 재밌,1,13
5.0,2023-03-28,헤어 샵 비치 책 읽 되 뒷 내용 궁금하 주문 순식간 완 독,1,57
5.0,2023-03-27,불편 편의점 재미있,1,15
5.0,2023-03-27,불편 편의점 재밋,1,13
5.0,2023-03-27,재미있,1,11
5.0,2023-03-26,기준 남 없 읽히,1,24
5.0,2023-03-26,재밌 반전 엄청나 재밌 책,1,28
5.0,2023-03-26,학교 선생 추천 도서 구매 읽,1,26
5.0,2023-03-26,읽,1,11
5.0,2023-03-25,내용 구성,1,10
5.0,2023-03-24,내용 공감 되 가슴,1,23
5.0,2023-03-24,배송 빠르 재미 있,1,12
5.0,2023-03-23,삶 관계 맺 관계 소통 알리 좋,1,52
5.0,2023-03-23,재밌 선물,1,11
5.0,2023-03-23,읽 재밌 선물,1,13
5.0,2023-03-23,도서관 빌리 대출 구매 소장,1,41
5.0,2023-03-23,책 손 놓 재밌 읽,1,24
5.0,2023-03-23,읽 미소 읽 있 책 책 덮 미소 있 책,1,51
5.0,2023-03-22,고등학교 선정 학생 읽히 좋 책,1,29
5.0,2023-03-21,재밌,1,4
5.0,2023-03-21,기대,1,10
5.0,2023-03-20,소소하 재미 힐링,1,10
5.0,2023-03-20,마음 힐링 소설,1,18
5.0,2023-03-20,갖 좋,1,11
5.0,2023-03-20,재미있 구성 같,1,16
5.0,2023-03-20,읽,1,14
5.0,2023-03-20,재미있 다음 얘기 나오 궁금하,1,27
5.0,2023-03-20,지인 쥴 선물 구입 따뜻하 이야기,1,29
5.0,2023-03-20,마음 책,1,14
5.0,2023-03-18,읽히 마음 속 남 책 생각 책 읽 좋 책 같 편의점 마주치 사람 모습 주변 스치 지나가 사람 보이 하,1,110
5.0,2023-03-18,내용 빠르 읽 있 구매 읽,1,30
5.0,2023-03-18,좋 책 읽,1,16
5.0,2023-03-17,하루 되 읽 감동 포인트 있 재밌,1,35
5.0,2023-03-17,재미있 순식간 읽,1,18
5.0,2023-03-15,최고 작품 가슴 희노애락 느끼 있 좋,1,43
5.0,2023-03-15,봄 어울리,1,19
5.0,2023-03-15,재밌 재밌 문장 재밌 캐릭터,1,23
5.0,2023-03-14,재밋 읽,1,12
5.0,2023-03-14,재미있 읽,1,12
5.0,2023-03-12,읽히 결론 당황,1,23
5.0,2023-03-12,들여다보 각자 사정 있 불편 편의점 읽 타인 들이 보 여유 생기 용기 내 타인 만나 가 용기 내 타인 만나 가,1,96
5.0,2023-03-12,배송 빠르 재미있,1,13
5.0,2023-03-11,일상 생활 접하 있 소재 같 작가 시선 풀어내 같 감동 느끼 있,1,76
5.0,2023-03-11,읽 도서관 순서 오 기다리 참 북 읽 읽 힐링 마음 온기 느끼 마음 좋 느끼 좋 책 읽 되 좋 시간,1,117
5.0,2023-03-11,편안 읽 좋 책,1,15
5.0,2023-03-11,눈물 나 진도 나가 힘들 정도 되 살아가 사람 괜찮 토 기분 웃기 울리 한마디 정신 차리,1,114
5.0,2023-03-09,이야기 재밌 글 읽,1,19
5.0,2023-03-09,읽,1,12
5.0,2023-03-09,넘어가 약 힐링 있,1,23
5.0,2023-03-09,읽 되 소설,1,14
5.0,2023-03-08,책 읽,1,15
5.0,2023-03-08,읽 책,1,16
5.0,2023-03-08,베스트셀러 사 재밌 읽,1,22
5.0,2023-03-08,선물 구매 표지 에디션 이쁘 선물 사람 좋아하,1,39
5.0,2023-03-08,재밌 읽 강력 추천,1,23
5.0,2023-03-08,딸아이 구입 하 읽 주 재밌 어리 때 읽 오쿠다 히데오 기억 나,1,60
5.0,2023-03-07,편의점 가 독고 카운터 계시 같,1,32
5.0,2023-03-07,좋,1,10
5.0,2023-03-06,가슴 책,1,14
5.0,2023-03-06,가슴 따땃 책,1,18
5.0,2023-03-06,시간 가 모르 읽,1,16
5.0,2023-03-06,읽 하 좋,1,18
5.0,2023-03-05,서점 보 평 좋 구입,1,22
5.0,2023-03-04,추천,1,10
3.75,2023-03-04,재미 있 읽,0,16
5.0,2023-03-04,재미있,1,5
5.0,2023-03-04,배송 좋 책 펴 읽,1,30
5.0,2023-03-04,재미 감동 좋,1,16
5.0,2023-03-04,표지 감동 재밌 보,1,17
5.0,2023-03-04,펼치 멈추 끝 보 되,1,24
5.0,2023-03-03,내용 좋 배송 빨 소 읽,1,17
5.0,2023-03-03,엄마 요청 구매 재밌 하,1,27
5.0,2023-03-03,힐링 스토리 읽,1,15
5.0,2023-03-02,드라마 보 같 대한민국 세상 구석 전체 보 같 군상 이야기 접하 시간 가 모르 읽 소설,1,93
5.0,2023-03-02,책 속 다음 이야기 완 독 스토리 소설 현실 일어나 이야기 다가오 읽,1,82
5.0,2023-03-01,힘들 코로나 시절 힘들 버티 알 하 공간 공간 있 마음 인간 주 감동 스토리,1,88
3.75,2023-02-28,내용 읽,0,15
5.0,2023-02-28,덕분 아이 읽,1,15
5.0,2023-02-28,어머니 드리 구매 재미있 같,1,26
5.0,2023-02-27,마음 후기 보 말 어울리 책 에피소드 하나하나 마음 사람 때 읽 도움 같 읽,1,115
5.0,2023-02-27,오랜만 마음 따듯하 소설,1,23
5.0,2023-02-27,재미있 책,1,10
5.0,2023-02-27,기대 이상 재미 지,1,15
5.0,2023-02-27,베스트셀러 재밌,1,13
5.0,2023-02-26,동화 같 이야기 조금 손 현실 속 연대 있 현실 가능 이야기,1,63
5.0,2023-02-26,편하 읽 좋 책 공감 되 가슴 감동 있,1,41
5.0,2023-02-26,와이프 선물 재미있 주문 하,1,36
3.75,2023-02-25,읽 글 이유 모르 마음 힐링 느낌 오랜만 카페 커피 한잔 하 책 읽 여유 가지,0,85
5.0,2023-02-24,내용,1,16
5.0,2023-02-24,감동 곁들이 흥미진진하 힐링 소설 마음 보 좋,1,39
5.0,2023-02-24,책 재밌 인쇄 이상 책 수평 맞 기울 있 파 본 같,1,62
5.0,2023-02-23,다양 사연 가지 인물 삶 통하 책 읽 스스로 돌이키 되 독고 에피소드 놀라 울 즐거움 놀라움 감동 조언 있 책,1,125
5.0,2023-02-23,인터넷 소설 같 느낌 힐링 재밌 읽 좋 같,1,49
5.0,2023-02-23,따뜻하 드라마 보 기분,1,17
5.0,2023-02-23,재미있 읽 사람 사람 대하 이야기 인생 살 필요 부분 이야기 있 생각 드 좋 책,1,68
5.0,2023-02-23,힐링 시간 마음,1,19
5.0,2023-02-23,베스트셀러 이유 있,1,13
5.0,2023-02-23,좋 하,1,15
5.0,2023-02-22,내용 좋 읽 딸아이 읽 좋,1,30
5.0,2023-02-22,책 보 소설 처음 접하 걱정 고민 시간 낭비 읽 순간 주인공 상황 대입 느끼 일상 내용 비하 몰입 엄청나 책 책 내 감사 추천 미용실 사장 감사,1,152
5.0,2023-02-22,생각 재밌,1,15
3.75,2023-02-22,여운 남 감동 있 현실 일 일어나,0,33
5.0,2023-02-21,재밌 읽,1,14
5.0,2023-02-21,책 상태 빠르 배송 만족,1,25
5.0,2023-02-21,읽 하 종이 책 보 하 구매,1,37
5.0,2023-02-21,책 읽 동안 힐링 자체,1,18
5.0,2023-02-21,정독 읽 좋,1,15
5.0,2023-02-21,마음 힐링,1,16
5.0,2023-02-21,관심 있 책 구입,1,16
3.75,2023-02-21,마음 책,0,11
5.0,2023-02-20,도움 되 책 추천,1,19
5.0,2023-02-20,추천 구매 빠르 배송 감사,1,25
5.0,2023-02-19,마음 글,1,15
5.0,2023-02-19,베스트셀러 구매 재미있 같,1,22
3.75,2023-02-19,읽 편하 신기하,0,13
2.5,2023-02-19,읽 때 보 좋,0,18
5.0,2023-02-19,가슴 힐링 책 재미있 읽,1,41
5.0,2023-02-19,아이 학교 읽 읽 하 구매 재미 있 읽,1,45
5.0,2023-02-18,재미 감동 있 좋,1,19
5.0,2023-02-18,넘기 때 다음 이야기,1,27
5.0,2023-02-17,재밌 읽히,1,14
5.0,2023-02-17,재미있,1,10
5.0,2023-02-17,재밌 읽,1,14
5.0,2023-02-17,전자책 보,1,10
5.0,2023-02-16,재밌 힐링,1,12
5.0,2023-02-16,고민 하 고르 책 재미있,1,27
5.0,2023-02-16,인간미 독보 작품,1,21
5.0,2023-02-16,재미있 보 같,1,13
5.0,2023-02-16,인물 살아가 내용 공감 되 힐링,1,28
5.0,2023-02-16,아이 좋아하,1,13
5.0,2023-02-15,불편 편의점 인기 많,1,15
5.0,2023-02-15,세상 마음 사람 많 살 세상 책 마음 챙기,1,59
3.75,2023-02-15,읽 책 읽 오랜만 사 읽 좋,0,36
5.0,2023-02-15,추천 구매 빠르 배송 감사,1,23
5.0,2023-02-15,세상 눈 보,1,16
5.0,2023-02-14,자신 몰두 나머지 생각 남 표현 잊 본인 입장 상대방 표현 이해 생각 같 사건 시점 표현 책 구성 덕분 각자 입장 존재 이해 위하 서로 소통 필요 사실 되,1,211
5.0,2023-02-14,인물 주변 접하 있 사연 공감 집 앞 불편 편의점 있 좋,1,65
5.0,2023-02-14,기대 되 보,1,16
5.0,2023-02-14,삶 희망 보이 시기 느끼 작 일 살 시간,1,61
5.0,2023-02-14,독고 만나 생각 들 소설 알 많 위로 되 책,1,54
5.0,2023-02-13,편의점 요즘 많 의미 없 곳 편 지 있 가,1,48
5.0,2023-02-13,정 선 영향 읽 봄날 같,1,26
5.0,2023-02-13,일상 속 피어나 감동 이야기,1,18
3.75,2023-02-13,후반 가 뻔하 내용 유명 보 갠 생각,0,48
5.0,2023-02-13,재미있 짱,1,14
5.0,2023-02-13,선물 칭찬 책 모두 재밌 읽 책,1,38
5.0,2023-02-13,읽 읽히,1,16
5.0,2023-02-13,읽,1,15
5.0,2023-02-12,가슴 작품,1,14
5.0,2023-02-09,따뜻하 드라마 보 기분,1,17
5.0,2023-02-09,베스트셀러 하 사 하 이야기,1,28
3.75,2023-02-09,읽 좋,0,10
5.0,2023-02-09,생각 이야기 구성 조금 진행 결말,1,34
5.0,2023-02-09,앞부분 읽 내용 알차 집중 읽 정도 몰입도 높,1,47
5.0,2023-02-08,재미있 읽,1,12
5.0,2023-02-08,가족 재미있 보 같,1,16
5.0,2023-02-08,재밌 읽,1,11
5.0,2023-02-07,교보문고 배송 최고 만족,1,19
5.0,2023-02-07,좋 단골 이제 부자 마인드,1,29
5.0,2023-02-07,재밌 읽,1,12
5.0,2023-02-07,좋 책 선물 행복,1,13
5.0,2023-02-07,마음 감동 밀려오,1,19
5.0,2023-02-06,등장인물 이야기 재미있 읽 내려가 만들,1,32
5.0,2023-02-06,표지 예쁘 고독 우정 대하 흥미 풀리 책,1,40
5.0,2023-02-06,시간 가 모르 읽,1,15
5.0,2023-02-06,웃음 있 감동 주 편하 읽 있 좋,1,32
5.0,2023-02-05,가슴 책,1,18
5.0,2023-02-05,편안 읽 좋 책 이솝 우화 느낌,1,22
5.0,2023-02-05,유명 책 사 읽히 아끼 읽 되 책,1,43
5.0,2023-02-05,아이 낳 오랜만 책 읽 손 놓 재밌 읽 따뜻하 감동 있 지치 마음 힐링 기분,1,70
5.0,2023-02-04,감동 있 책 오랜만 읽 책 좋,1,33
5.0,2023-02-04,재 있 읽 좋,1,13
5.0,2023-02-03,민들레 바람 씨앗 날리 같 관계 소통 사랑 살아가 있 힘 이어지 불편 편의점 사람 인사 드리 감사,1,99
5.0,2023-02-03,인기 많 이유 알,1,15
5.0,2023-02-03,많 감동 공감 가 좋 책 읽 위하 직원 구입 만족 생각,1,60
5.0,2023-02-03,시간 없 읽 기대,1,26
5.0,2023-02-02,독서량 부족 주문 만족 바라,1,26
5.0,2023-02-01,재미있 일상 이야기 독고 행복,1,28
5.0,2023-02-01,유명 작 이유 있 감명 깊 읽,1,28
5.0,2023-02-01,코로나 이후 추천 선물 책 햄 들 지치 하,1,47
5.0,2023-02-01,재밌 힐링,1,12
5.0,2023-02-01,감명 깊 읽,1,11
5.0,2023-01-31,가슴 이야기 재미있 보,1,28
5.0,2023-01-31,읽히 책 남녀노소 부담 읽 있,1,37
5.0,2023-01-31,끝나 때 읽히,1,23
5.0,2023-01-31,이야기 흐름 구성 좋,1,15
5.0,2023-01-30,딸 읽 구입,1,17
5.0,2023-01-30,시간 읽 마스크 해제 되 날 기념,1,34
5.0,2023-01-30,좋 책 추천,1,14
5.0,2023-01-30,책 표지 맘 들 책장 펴 넘어가,1,42
5.0,2023-01-30,재밌 감동 소설 보,1,21
5.0,2023-01-30,재미나 책 아이 소통 시도 가족 대화 도전,1,50
5.0,2023-01-30,재미있 읽,1,12
5.0,2023-01-30,읽히 가독성 재미 이야기 보,1,36
5.0,2023-01-29,편의점 일상 속 생활,1,15
5.0,2023-01-28,술 읽히 재미 감동 힐링 되 책 읽 책 크 감동 여운 남 벚꽃 반짝이 마음 희망 되,1,77
5.0,2023-01-28,서점 읽 재밌 같 구입,1,32
3.75,2023-01-28,도서관 빌리 기다리 차례 오 구입 읽 사람 찾 책 보 코로나 겪 갈망 사회 모습 알 되 크 감동,0,108
5.0,2023-01-28,완 독,1,19
5.0,2023-01-28,베스트셀러 이유 있 추천,1,20
5.0,2023-01-27,재미나 감동,1,12
5.0,2023-01-27,읽 전 이번 책 읽 목표 책 기대,1,49
