stars,date,review
4.0,2026-07-27,"아이가 읽고싶어해서 선물했어요
감사합니다"
4.0,2026-07-26,"아이가 읽고싶다고 담아두어 선물했어요
감사합니다"
4.0,2026-07-20,딸아이 방학때 읽는다 하네요
4.0,2026-07-20,다량 구매하였는데도 착오없이 배송이 잘 되었어요
4.0,2026-07-17,아이들한테 핫한 책이에요.
3.0,2026-07-14,좋은책 잘 보고 있아요 잘 읽힙니다
4.0,2026-07-11,보고나면 힐링되고 감동이 오래남습니다 추천
3.0,2026-07-05,음.. 뭐 그냥 그런듯
4.0,2026-06-18,"좋은 어른이 되어야겠다는 생각이 한 번 더 들게 된 책
나는 누군가에게 사장님같은 사람이 될 수 있을까?"
4.0,2026-06-13,너무너무 기대가 됩니다🤗🤗
4.0,2026-06-09,바쁜 사회생활 속에 힐링되는 시간 가질 수 있었습니다.
4.0,2026-06-09,내용이 재밌고 힐링돼요!
4.0,2026-06-01,고등 수행준비로 샀어요
4.0,2026-06-01,지인께서 추천해서 주문해서 읽었는데 재미가 있어서다른지인께 추천했어요. 재미있게 읽었습니다.
3.0,2026-05-30,책 표지가 생각보다 꽤 예쁘고 두껍습니다ㅏ
4.0,2026-05-16,아이가 읽고싶어해서 구매했어요
4.0,2026-05-16,아이가 읽고싶어해서 구매했어요
4.0,2026-05-09,생각 보다 훨씬 더 재미있어요
4.0,2026-05-08,"내용이 너무 좋아서 선물했어요. 
최고입다."
4.0,2026-05-02,설정된 불편한 편의점에서 벌어지는 인간 감정의 미묘한 대립과 그로 인한 갈등과 좌절을 극복하며 해피엔딩으로 끝나는 사실 같은 픽션이다.
4.0,2026-04-24,
4.0,2026-04-01,"오랜만에 책 구입해서 읽는데
정말 술술 잘 읽힙니다.
술마시면서도 읽었네요.ㅋ 
최고"
4.0,2026-03-28,"바로드림으로 주문했던 책 찾으러 갔다가 아내가 이 책 보고싶다고 해서 구매했어요.
표지 디자인이 너무 예뻐요."
4.0,2026-03-09,학교 수업 교재로 샀어요
4.0,2026-03-07,친구의 추천으로 구매한 책인데 좋아요^^
4.0,2026-02-26,재밌게 잘 읽었습니다
4.0,2026-02-25,왜? 불편한 편의점인지는 소설 내용을 끝까지 읽어야 알 수 있는 내용입니다. 제목 자체가 호기심이 생겨서 구입했는데 생각보다 흡입력이 좋습니다. 금방 빨려 들어가실겁니다.
4.0,2026-02-21,오랜만에 다시 읽었습니다. 다음번엔 2부를 읽을까 해요.
4.0,2026-02-14,너무 잘 읽히고 재미있었어요.
4.0,2026-02-11,"선물용으로 구매했는데, 받으시는 분이 너무 좋아하셔서 저 또한 기쁘네요. 나중에 저도 읽어 보도록 하겠습니다 :)"
4.0,2026-02-02,아이가 너무 좋아해요.지금도 잘 읽고 있어요.
4.0,2026-02-02,옥수수 수염차 맛있게 마셨습니다
4.0,2026-02-01,"얼마만에 소설을 읽으며 순간순간 왈칵 솟구치는 감정때문에 눈시울을 붉혔는지 모르겠습니다.

한 마디로 리뷰한다면,

결국 인연과 인연으로 살아가는 인생



담아두지 말고 대화와 부딪힘으로 이해하고 공감하며 헤쳐나갈 수 있는 시간들



개인적으로 비극을 좋아하지 않습니다.

이렇듯 꼬여있던 실타래가 잘 풀어지는 해피엔딩을 좋아한다는 걸 다시 알게 됐고,

문제해결을 통한 사람과 사람간에 신뢰와 사랑이 더 견고해지는 과정에서 카타르시스를 느끼는 저 자신을 확인할 수 있는 시간이었습니다.



네, 그렇습니다.

저는 대립과 분쟁을 지극히 싫어합니다.

그래서 너무나 사랑했던 테니스클럽이 두 개로 쪼개졌을 때 어느 한 쪽으로도 가지 않고 스스로 모두를 떠나기도 했고, 동업이 깨질 때도 어떻게든 중재하여 이후로도 서로 보고 사는 쪽을 택했었죠.



독서를 하고 마음공부도 하면서 가장 좋은 점은,

나 자신을 더욱 잘 이해해나가는 일입니다.

그전에는 세상을 알고 싶었거든요. 그래서 사업도 더 성장시킬 수 있고, 가정도, 인간관계도 더 잘 해낼 수 있다고 믿었는데...

그냥 나 자신을 제대로 이해하기 위해 평생을 바쳐도 충분한 게 인생이란 생각이 더욱 강해집니다.



스스로를 알아가면 자연스럽게 타인의 삶을 인정하게 되더군요.



독서습관 들일려고 시작한 독서모임에서 이렇듯 큰 깨달음을 얻었습니다.



감사하고 감사합니다~"
4.0,2026-01-27,읽는 내내 입꼬리가 올라가며 읽었네요. 추운 계절에 가슴을 따뜻하게 해 줄 수 있는 책이라 힐링 됐습니다.
4.0,2026-01-05,선물하고싶어 여러책들 살펴보다가 마음에 들어 제가 구매했어요. 동생이 먼저 읽고있는중인데 재밌다고해요. 저도 어서빨리 읽어봐야겠어요^^
4.0,2026-01-03,선물하려고 2권 추가 구매합니다.
4.0,2025-12-28,도서관에서 빌려 봤다가 두고두고 보고싶어서 구입했어요!!
4.0,2025-12-15,편의점이라는 친숙한 소재에 감동을 더한 책.
4.0,2025-12-06,나는 읽었지만 아이가읽고  싶다고 해서 구매해요
4.0,2025-12-06,소소한 우리네들이 이야기
4.0,2025-11-26,평소 소설책은 잘읽지 않는데 지인추천으로 오랜만에 읽었습니다. 재밌어서 금방 읽엇네요
3.0,2025-11-22,뭔가 각박한 현세에 가슴 말캉말캉해지는 내용이었어요.
4.0,2025-11-15,감동적인 이야기에요.
4.0,2025-11-12,마음이 뭉클해는구만!
4.0,2025-11-06,"아들 추천 독서목록에 있어서 주문 했는데 
배송도 빠르고 좋아요"
4.0,2025-11-02,표지가 예뻐서 소장하려고 구매했습니다 내용도 재밌고 힐링 됩니다
4.0,2025-10-29,"각각의 스토리도 재밌었으나, 마지막의 연출이 재밌었어요."
4.0,2025-10-26,재밌게 잘 읽었습니다!!
4.0,2025-10-21,추천받아서 구매했어요 잘 읽을게요
4.0,2025-10-21,술술 읽어지는책 나를 다시한번 생각하고 바로잡을수있는책
4.0,2025-09-25,따스하고 재밌다는 칭찬이 자자해서 읽어보고자 구매했어요.
4.0,2025-09-19,"자기 전, 기상 직후 스마트폰보다 책 먼저 읽기를 목표로 하고 있는데 술술 잘 읽혀서 목표를 충실히 지킬 수 있었습니다"
4.0,2025-09-19,재밌어요! 힐링되는 책 2권도 사야겠어요
4.0,2025-09-18,기대가 되는 작품 입니다
4.0,2025-09-18,집중해서 잘 읽었습니다
4.0,2025-09-01,너무 재미있어 잘읽혀요.
4.0,2025-08-30,책 이미 읽었는데 학교에서 선정해서 읽어야해서 주문하네요. 아이들이 좋아하는 책이에요. 이젠 소장~~
4.0,2025-08-29,책너무 좋아요 추천
4.0,2025-08-27,"논술학원 교재로 구매했어요.2편도 사려구요
기대됩니다"
4.0,2025-08-10,재밌게 잘 읽었습니다
4.0,2025-08-03,지인에게 추천받아 구매했어요. 기대되요.
4.0,2025-08-01,독고씨가 노숙자에서 민간인으로 살아가는 과정인 담긴 내용인데 감동적인 부분이 담겨져 있어 슬픈 책이다.
4.0,2025-07-29,내용이 평이하고 좋았어요.
4.0,2025-07-24,"익숙한 공간 속에서 펼쳐지는 작지만 찬란한 이야기들.
누구에게나 하나쯤은 있는 사연을 다정하게 품어주는 소설이에요."
3.0,2025-07-06,잔잔하면서도 술술 읽히는 글에 막힘없이 계속 읽어나갔다 궁금증이 풀리면서 이야기가 합쳐지고 그 속에서 나에게도 삶이란 어떤것인가 생각하게하는 글이었다
4.0,2025-07-02,재밌어요 잘 읽었습니다.
4.0,2025-06-22,
4.0,2025-06-22,역시 유명한 소설답게 술술읽히는 재미와 감동이 있습니다
4.0,2025-06-19,단숨에 읽는다 문제 연속인 삶가운데 마음을 따뜻하게  해주는 책이다
4.0,2025-06-12,재미있다고 하여 구매했습니다. 잘 읽어볼게요
4.0,2025-05-27,매우 재미있게 읽었어요!!!
4.0,2025-05-19,읽고싶은책이였는데 술술 잘읽히고 좋았습니다.
4.0,2025-05-15,동생이 읽고 싶다고 해서 사준 책이다. 내 것이 아니니까 솔직히 나는 읽지 못했다. 표지에는 한국 최고의 힐링 소설이라고 적혀 있었다. 자신도 모르게 쌓이고 있던 일상의 스트레스를 이 소설을 읽는동안 조금씩 씻어내가면 좋겠다.
4.0,2025-05-12,책구성 깔끔하고 아주 도움이 되었습니다.
4.0,2025-05-12,첫 문장부터 몰입이 잘 됐어요.
4.0,2025-05-01,내용이 재밌고 공감합니다
4.0,2025-05-01,내용이 재밌고 공감되요
4.0,2025-04-23,매우 기대하고 있어요!!!!
4.0,2025-04-19,마음 따뜻하게 해주는 책
4.0,2025-04-19,이야기 흐름이 마음을 따뜻하게 해주는 소설. 코로나시대배경에 추억도 돋게 해주는 소설
4.0,2025-04-09,"감명 깊게 읽었습니다 ^^
추천합니다!"
4.0,2025-04-01,따뜻함이 묻어나는 책이에요.
4.0,2025-03-31,"시간가는줄모르고 읽었습니다.
뒷이야기가 궁금하고 마음이 따뜻해집니다."
4.0,2025-03-20,아이가 학교에서 읽을 추천책으로 구매했어요.
4.0,2025-03-17,재미있어요. 읽어보세요.
4.0,2025-03-16,예전에 읽었는데 벚꽃에디션이 맘에 들어 소장용으로 주문했습니다.
4.0,2025-03-09,아... 가슴이 먹먹해지네요... 잔잔하게 쉽게 읽히면서도 먹먹함이 느껴집니다... 꼭 읽어 보시길
4.0,2025-02-25,잘 읽었습니다. 많은 생각이 딥니다
4.0,2025-02-23,꼭 읽고 싶었어요
4.0,2025-02-23,"따뜻함에 편안한 숨을 쉬어보며 말과 태도, 관계에 대해 뒤돌아보게 되는 책.  그런 느낌과 의미가 좋고 재밌기까지한!"
4.0,2025-01-24,엄청재밌어요!! 감동적입니다
4.0,2025-01-17,"그냥 재미있어요 감동도 있고 
책보고 연극도 하길래 보고왔어요"
4.0,2025-01-14,힐링을 주는 소설입니다. 마음 따뜻해지는 책이에요. 우울하거나 힘들 때 읽으면 좋을 것 같습니다. 기대 안하고 봤던 소설인데 의외로 엄청난 명작이었어요.
4.0,2025-01-12,추천받아서 구매했어요. 기대됩니다~
4.0,2025-01-02,재미있게 잘 읽었습니다.
4.0,2024-12-30,재밌게 잘 읽었습니다
4.0,2024-12-18,유명한데는 이유가 있죠
4.0,2024-12-17,마음이 너무 따뜻해지는 이야기에요
4.0,2024-12-13,너무너무 재미있어요
4.0,2024-12-13,너무너무 재미있어요~~
4.0,2024-12-11,베스트셀러에 계속 있길래 궁금해서 사봤습니다
4.0,2024-12-10,베스트셀러인 이유가 있어요. 한번 읽어보세요 강추
4.0,2024-11-28,웹툰을 보고 책을 봐도 감성이  살아  있는 작품 입니다
4.0,2024-11-27,재미있게 읽고있어요
4.0,2024-11-26,"누구라도  느낄수 있는 따스한 이야기~~~!!
강추요 ~~^^"
4.0,2024-11-23,처음부터 겁나 재밌습니다 어직 다 읽지는 않았지만 이제 막 책읽기 시작하시는 분들이 읽기 좋을거 같아요
4.0,2024-11-21,힐링이되는 편의점이다
4.0,2024-11-12,잘 읽었습니다. 좋은 책 감사합니다.
4.0,2024-11-12,잘 읽었습니다. 좋은 책 감사합니다.
4.0,2024-11-04,너무 재밌게 읽었습니다~~ 김호연 작가님 작품 최고에요^^
4.0,2024-10-28,뭐 실제로는 없을일
4.0,2024-10-28,이것도 선물한책 괜찮은책 따뜻한책
4.0,2024-10-23,너무 재밌네요 ~~~
4.0,2024-10-23,힐링하고싶을때 읽어보면 좋아요 ㅜ사람냄새 물씬풍기는 힐링소설입니다 ㅜ추천
4.0,2024-10-22,아이가 좋아해요~~~
4.0,2024-10-21,순식간에 읽히는 좋은 책이네요
4.0,2024-10-17,뭔가 마음이 따뜻해지네요
4.0,2024-10-16,재미있게 읽었어요
3.0,2024-10-14,편하게 읽을만한 책
3.0,2024-10-13,"기대만큼은 아니지만 나름 재밌었다.
술술 쉽게 읽히는 책."
4.0,2024-10-10,"재밌다고 하니 읽어보고싶네요,표지이쁨"
1.0,2024-10-02,따분하해서 반도 못읽고 나갑니다
4.0,2024-10-01,추천받아서 구매했습니다
4.0,2024-09-29,재미있게 읽었습니다
4.0,2024-09-21,마음이힐링되는책이네요 좋아요
4.0,2024-09-19,힐링도서 정말 너무 재밌습니다
4.0,2024-09-13,힐링감성으로 편안하게 읽기 좋은 소설입니다!!
4.0,2024-09-10,추천 받은책이고 소장하기 이쁜 책이네요
4.0,2024-09-09,재미있게 읽고있어요
4.0,2024-09-02,인기 많다고 해서 구매해봤어요 아직 안읽었는데 기대됩니당
4.0,2024-08-27,궁금했었는데 재밋너요 진짜 힐링되네요 ㅎㅎ
4.0,2024-08-26,힐링되는 책입니다.
4.0,2024-08-25,이제서야 읽어봅니다 기대되요
4.0,2024-08-23,아주 좋고 유익합니다.
4.0,2024-08-22,노숙자가 편의점에서 알바를 한다는 스토리가 정말 참신하고 내용이 따뜻해서 힐링되네요😊
4.0,2024-08-22,술술 잘 읽었습니다~^^
4.0,2024-08-22,초등아이가 보고 싶다고 구매했어요~ 재밌게 잘 읽었습니다.
4.0,2024-08-22,이 책 너무 흥미로워요
4.0,2024-08-22,재밌게 읽은책 소장합니다
4.0,2024-08-21,선물용으로 구매했습니다 만족합니다
4.0,2024-08-19,"중학생 조카가 읽고 싶다고 해서 선물했는데..
너무 재미나게 읽고 있다고 하네요^^"
4.0,2024-08-19,잘읽었어요~~~~~
4.0,2024-08-19,책장이 잘넘어가요 재밌게 읽었어요~
4.0,2024-08-17,학교준비물입니다.
4.0,2024-08-14,가슴 따뜻한 책!오자마자 단숨에 다 읽었네요.~감동♡
4.0,2024-08-13,
4.0,2024-08-13,가슴이 울컥 저리네요 최고의 힐링 편의점 가보고 싶네요 ^^
4.0,2024-08-10,독고씨의 인간성이 너무 따뜻하고 잔잔한 감동을 불러 일으켜서 읽으며 눈물이 주르륵....ㅠㅠ
4.0,2024-08-06,인물들의 감정을 깊게 통찰하여 이입되기에 수월했고 섬세하고 조심스레 인물들을 아끼고 있음이 전해진다
4.0,2024-08-02,딸이 읽은 책이지만 소장하고 싶다고 해서 구매합니다
4.0,2024-08-01,감동적인 이야기에요.
4.0,2024-07-31,"성인된 딸아이가 읽고 싶다고해서 구입했어요
학교생활 사회생활에 지칠때 힐링되길요"
4.0,2024-07-29,웹툰으로  보다가 구매했어요.
4.0,2024-07-29,유익한 책 입니다~!
3.0,2024-07-28,재밌게 잘 읽었습니다. 술술~~
4.0,2024-07-21,아이도 같이 재미있게 읽고 있습니다
4.0,2024-07-21,재밌게 잘 읽었습니다
4.0,2024-07-20,편안하게 잘 읽은 책 입니다.
4.0,2024-07-20,재미있게 읽어서 동생에게도 선물 했습니다.
3.0,2024-07-20,아이가 재미있게 읽었어요
4.0,2024-07-19,재밌게 잘 읽었습니다.
4.0,2024-07-18,최근에 뮤직드라마로 예고하길래..미리 원작소설을 접하게되었는데 힐링소설 잔 봤습니다
4.0,2024-07-18,최근에 뮤직드라마로 예고하길래..미리 원작소설을 접하게되었는데 힐링소설 잔 봤습니다
4.0,2024-07-15,독고씨가 정말 배려심이 깊어서 놀라웠다.
4.0,2024-07-10,이 책을 추천합니다~
4.0,2024-07-07,빠르고 정확한 배송 감사합니다
4.0,2024-07-07,감동적이었습니다 다 읽고나서 참참참(참깨라면+참소주+참치김밥)이 무척 땡겼습니다
4.0,2024-07-06,"아는분이 추천한책이라 구입했어요.
요즘은 다 이런 표지가 유행이군요. 
책읽고 싶게 생겼네요"
4.0,2024-07-02,아이가 재미있게 읽었습니다~!
4.0,2024-07-01,요즘 소설읽는재미가들려가지구ㅋㅋ
4.0,2024-06-28,우리 주변의 이아기를 담아 공감도 되고 따뜻함을 느낄 수 있는 소설입니다.
4.0,2024-06-25,읽다 보면 그냥 마음이 편해진다
4.0,2024-06-25,재미있게 잘 읽었습니다.
4.0,2024-06-22,따뜻한 내용입니다
4.0,2024-06-21,읽어보고 싶었는데 드디어 샀습니다.
4.0,2024-06-17,가독성 좋고 마지막은 정말 감동적이었음
4.0,2024-06-15,"작가의 감성이 살아 았음을 보았고, 인간의 따스한 감수성이 잘 표현된 책입니다."
4.0,2024-06-15,"이웃 친구가 추천한 책이 생각나서 구입했어요. 애들없을때 조용히 읽으려고합니다
벌써 표지부터가 읽고 싶네요. 빨리 읽고 불편한 편의점2. 가을버전도 보려고 합니다. 
기대되는 책^^"
4.0,2024-06-14,감사합니다 잘받았습니다
4.0,2024-06-14,무심코 읽었다가 마음이 몽글해지는 책 감사합니다
4.0,2024-06-13,유익한 책이에요~!
4.0,2024-06-11,너무 재밌게 잘 봤습니다 뚝딱 읽었네요 재밌어서
4.0,2024-06-09,하루만에 다 읽은 책.. 강추합니다!!
4.0,2024-06-08,재미와 감동을 동시에...
4.0,2024-06-07,"배송받고 24시간도 안되서 다 읽었어요.
그냥 가벼운 마음으로 가볍게 읽는 책이라 생각하고 봤는데 다 읽고 나서 가벼운 마음은 아니네요. 열린 결말이라 그런가...ㅎ 
2권도 읽어보고 싶은데 리뷰가 1권에 비해 별로라고 하셔서 쫌 고민되네요.
웹툰도 나오는거 같던데 웹툰도 잘 챙겨보려고요."
4.0,2024-06-06,도움이 되서 잘읽었습니다
4.0,2024-06-05,힐링 그 자체입니다
4.0,2024-06-05,마음이 따뜻해져요^^
4.0,2024-06-04,공감되는 내용이에요.
4.0,2024-06-03,기분좋은 미소를 짓게 하는 책이네요^^ 덕분에 즐거운 날 되도록 열심히 잘 지내겠습니다^^
4.0,2024-06-02,재미있게 잘 읽었습니다.
4.0,2024-05-31,너무너무재밌어용~ 힐링ㄴㄴㄴ
4.0,2024-05-31,너무너무 재밌네용~힐링
4.0,2024-05-31,"우리딸이 재미있다고 추천한책~
딸에게 추천받고 6학년 친구에게 선물했어요~
아주 재미있게 읽었다고 합니디"
4.0,2024-05-28,웹툰도 나왔던데 이제서야 읽어보려합니다~~
4.0,2024-05-27,두번째 구매입니다 작가님 사인 받으러 부랴부랴 다시
4.0,2024-05-26,하루만에다읽을정도로 재밌어요
4.0,2024-05-25,표지도 예쁘고 후기도 많길래 구매해봤어요
4.0,2024-05-23,산해진미 도시락~~
4.0,2024-05-17,2권읽고있어요 재미있어요
4.0,2024-05-16,힐링받고싶을때마다  꺼낸 책이에요. 자기전 읽어서 제 하루의 마무리를 채워주는 책이었어요
4.0,2024-05-15,
4.0,2024-05-15,수행평가에많이도움돼요
4.0,2024-05-15,책 써주신 작가님 감사합니다.
4.0,2024-05-15,초등학교 4학년 아들도 읽고 재미있었다고 해요~~
3.0,2024-05-14,가슴 따뜻해지는 책
4.0,2024-05-14,재밌게 잘 읽었습니다.
3.0,2024-05-13,"불편한 편의점 그곳에서 누구나 불편한 인생의 두번내
째 열쇠를 찾아가는 공간 나도 삶에 방향키를 손에 잠시 쥔 느낌..2편 기대"
4.0,2024-05-10,재미나게 읽었어요 역시 많은 사람들이 보는 이유가 있네요
4.0,2024-05-09,힐링도 되고 재미와 슬픔 모든 느낌을 다 받을 수 있어서 좋았어요.
4.0,2024-05-07,한번에 다읽었네요 소설 오랜만인데 힐링되고 좋았어요
4.0,2024-05-07,주인공들의 서사가 기대되고 궁금해지는 따뜻한 책이었습니다
4.0,2024-05-07,주인공들의 서사를 잘풀어줘서 술술 읽히는 책이었습니다.  서사가 궁금해지는 책
4.0,2024-05-05,굿드~~~~~~~~~~~~~~
3.0,2024-05-03,오래간만에 읽어본 책인데 재미있어서 며칠안에 다 읽었네요. 주인공 독고씨가 궁금해서 읽다보니 우리 주변의 사람들이 궁금해지는 그런 책입니다. 잘읽었습니다.
4.0,2024-05-03,재미있게 잘 읽었습니다
4.0,2024-05-02,재미있게 잘 읽었습니다.
4.0,2024-04-30,"주변의 추천으로 읽게 되었는데, 읽으면서 힐링되고 마음이 포근해지는 느낌이다. 오랜만에 따뜻한 소설을 읽고 싶다면 추천한다."
4.0,2024-04-30,좋아요 좋아서 샀습니당
4.0,2024-04-30,"술술 읽혀서 좋앗어요
각자의 사연을 일으키는 사람들에게 주는 독고씨의 온풍이 참 따뜻했어요"
4.0,2024-04-27,재미있게 잘 읽었습니다
4.0,2024-04-27,선물로 산 책이에요
4.0,2024-04-23,평이 좋아서 읽기 시작했는데 글이 잔잔하고 힐링되서 반나절만에 다 읽었어요. 일상 생활에 있을법한 이야기들이 모여있어서 더 집중해서 빨리 읽었어요.
4.0,2024-04-21,에디션이라 표지가 예뻐요
4.0,2024-04-19,좋아요 흡입되어서읽었어요
4.0,2024-04-19,너무 재밌게 읽었어요
4.0,2024-04-19,힐링되는 따뜻한 책이예요~
4.0,2024-04-17,일상적이기에 이야기에 접근하기 쉽다.
4.0,2024-04-14,"작가님의 다룬 작품을 연극으로 먼저 본 후 
완전 팬이 되었었어요 
매력있는 인물들이 가득한 책!
힐링템입니다"
4.0,2024-04-09,소문은 익히 들었는데 읽으면서문체가 착착 감기네요
4.0,2024-04-09,미음이 따뜻해지는 글입니다. 강추입니다
4.0,2024-04-08,아이가 재미있게 읽었습니다
4.0,2024-04-06,엄마 드렸는데 다 읽으셨어요. 괜찮다고는 하세요.
4.0,2024-04-03,재미와 감동이 있는책~2편도 기대됩니다.
4.0,2024-04-02,킬링타임용으로 좋았습니다!!
4.0,2024-04-02,재밌게 보았습니다. 따뜻한 책이네요
4.0,2024-04-01,아기다리 고기다리던 책이에요~너무 읽고싶었어요
4.0,2024-03-31,아직 읽어보지 않았지만 시간이 나면 꼭 읽을게요.
4.0,2024-03-29,단숨에 읽었어요~~~
4.0,2024-03-28,마음이 따뜻해져요 하루만에 다 읽었네요
4.0,2024-03-28,전부터 읽어볼까 생각만하다 구매했습니다. 아직 읽고 있지만 재미도 있고 마음도 따뜻해지는거 같아요. 책은 비닐로 단단하게 고정이 되어서 상해서 도착할 일은 없겠어요. 잘 읽겠습니다~!
4.0,2024-03-25,쉽게 재미있게 읽을 수 있는 책이어서 좋아요~~
4.0,2024-03-18,너무나 읽고 싶었던 책을 드디어 구입하였습니다.
4.0,2024-03-18,내가 너무나 좋아하는 책이에요. 소중한~재밌어요
4.0,2024-03-18,재마있습니다   .
4.0,2024-03-17,딸이 초등학생이 되면 읽으라고 줄 예정입니다. 문장이 술술 읽혀요.
4.0,2024-03-17,"주문했습니다 
기대되네요"
4.0,2024-03-15,시간 가는 줄 모르고 재밌게 읽었어요^^
4.0,2024-03-13,엄마도 같이 읽었던 베스트 셀러
4.0,2024-03-12,"표지와 도서명을 보고 기억에 남았던 책인데
드디어 읽어봄.

어렵지 않게 술술 읽히면서, 공감도 힐링도 되며 머릿속에 장면이 상상 되는 소설이라 재밌게 읽었습니다."
4.0,2024-03-04,몇주째 베스트셀러라 구매했어요~ 재밌게 잘 읽히네요~^^
4.0,2024-03-04,"베스트 셀러라 구매했는데, 잘 읽히네요~ 아이도 재밌다고 합니다^^"
4.0,2024-03-03,
4.0,2024-03-01,가볍게 잘 읽었습니다.
4.0,2024-02-28,재밌어서 술술 읽혀요 ㅎㅎ
4.0,2024-02-27,아직 초입만 읽엇는데 재밋을것같아여
4.0,2024-02-26,"너무 재밌어서 금방 다 읽었습니다
그리고 선물로 몇권더 구매했구요"
4.0,2024-02-26,"쉽게 읽혀서 좋았습니다 
재밌게 읽어서 친구들에게 선물로 주려고 몇권 더 주문했네요"
4.0,2024-02-23,불편한 편의점 재미있어요
4.0,2024-02-21,"일단은 이틀만에 다 읽었어요
그리고 몰입도 너무 잘됩니다..!!! 감동도 받구 울컥 많이했어요 너무 따뜻한 책💕💕💕 작가님 사랑해요"
4.0,2024-02-21,모든 고단한 삶의 위로가 되는 듯해요
4.0,2024-02-21,모든 고단한 삶의 위로가 되는 듯해요
4.0,2024-02-20,포장이 꼼꼼히 되어서 배송왔어요! 만족합니다!!
4.0,2024-02-20,친구가 읽고 싶다해서 생일선물로 구매해줬어요!.
4.0,2024-02-18,재밌어요 2편도 바로읽어야겠ㄴ9요
4.0,2024-02-16,힐링 하기에 좋네요
4.0,2024-02-15,힐링되요~~~~~~~^^
4.0,2024-02-14,포장이 꼼꼼히 되어서 배송왔어요! 만족합니다!!
4.0,2024-02-13,재밌어요!! 힐링용으로 좋네요
4.0,2024-02-13,완전 재밌습니다 감동 그자체 보면서 엄청 울었어요
4.0,2024-02-08,2023 최고의 힐링도서. 읽고 위로받아서 친구들에게도 선물했어요^^
4.0,2024-02-08,"불편한편의전
독고씨"
4.0,2024-02-08,"오랜만에 읽은 소설책
하도 인기라고 sns에서 들썩거리길래 구매해봤다.
최근 뉴스에 비슷한 표지와 이름. 비슷한 내용의 책 출판이 많다더라, 구매할 때 조심해야겠다.

내용이라 해봐야 아주 평범하고 누구나 생각해봤을 법한 그런 내용이다.
하지만 그것 또한 언제 읽느냐에 따라 소소한 힐링이 될 수 있는 법.
어렵지 않은 내용이며 생각보다 흥미진진하여 일주일만에 뚝딱 읽은듯 하다"
3.0,2024-02-07,재미있게 읽었다.추천!
1.0,2024-02-07,"책 잘 읽었습니다. 불편했던 점은 술 마시는 기독교인을 표현한 문장들인데, 술은 취하지만 않으면 괜찮다고 합리화하는 건 문맥을 모르기 때문입니다. 당시 시대상황상 포도주는 지금의 물과 같았다는 점 알려드립니다. 혹여나 술 마시는 기독교인의 모습이 당연시 될까봐 짧은 글 남깁니다."
4.0,2024-02-07,소장용입니다 책이 예뻐서 맘에 들어요
4.0,2024-02-07,책 예쁜거 같아요 좋네요
4.0,2024-02-04,"구입해서 읽고 너무 재미있고, 유익하게 읽고, 또 한 권을 구입해서 선물했어요."
4.0,2024-02-01,추운 겨울에 따뜻하게 읽었습니다
4.0,2024-01-30,선물하기 위해 준비했어요. 시간이 지나 읽어도 잔잔한 감동이 있는 책입니다
4.0,2024-01-30,"마음에 들어요,추천!"
4.0,2024-01-29,재미 뿐만 아니라 잔잔한 감동까지 함께 주는 좋은 책이라고 생각합니다.
4.0,2024-01-29,편하게 읽을수 있어 선물하려 또 구매했어요
4.0,2024-01-28,조카선물로 구매했습니다 좋은선물이 되었어요
4.0,2024-01-28,너무 재미있고 겨울의 선물 에디션 사은품?도 생각보다 괜찮았어요
4.0,2024-01-26,잠 못 잘뻔 했어요… 표지도 너무 힐링
3.0,2024-01-26,마지막 결말이 아쉬워요. 급하게 마무리된 느낌이네요.
4.0,2024-01-24,아이들이 좋아힙니다
4.0,2024-01-24,감명 깊게 잘 읽었어요~
4.0,2024-01-22,유용합니다. 잘 활용하겠습니다.
4.0,2024-01-21,마음이 따뜻해지고 깊은 울림을 주는 책 이였어요❥･•
4.0,2024-01-20,"글이 술술 읽히고 재밌어요.
괜히 베스트셀러가 아니네요."
4.0,2024-01-19,아이 방학이라 심심할때 봐요
4.0,2024-01-19,아이가 틈틈이 보고 있네요
4.0,2024-01-18,"제목이 마음에 끌렸어요, 주문한 책 도착하면 바로 읽을겁니다."
4.0,2024-01-16,재밌는 책 오랜만에 읽었고 너무 재밌었습니다
4.0,2024-01-15,그냥 일상속 편의점에서 문제해결해 나가는 모습이 힐링되네요
4.0,2024-01-12,불편한 편의점 재밌네요 ㅎㅎ
4.0,2024-01-12,불편한 편의점 재밌어요 ㅎㅎ
4.0,2024-01-11,조카 선물했는데  참 좋아했습니다.
3.0,2024-01-10,배송도 빠르고 힐링돼요~
4.0,2024-01-10,너무 재밌어서 2일만에 1.2 다 읽은 책입니다 ㅎㅎㅎ완전 강추!
4.0,2024-01-09,
4.0,2024-01-08,그냥 일상안에 편의점 이야기를 담아서 술술 읽히고 편안한 마음으로 읽었습니다!
4.0,2024-01-08,겨울에디션 나오기 전에 한 번 읽었던 책 다시 봐도 감동적인소설이에요 힐링 되요
4.0,2024-01-05,읽어보고 편안해지는 책이라 선물용으로 구입합니다
4.0,2024-01-01,재밌어서 순식간에 읽었네요ㅎ
4.0,2023-12-31,선물하려고삿어요 받는이가 좋아하능책
4.0,2023-12-30,3학년 초등학생도 읽고싶어해서 사줬는데 재미있어하네요
4.0,2023-12-29,스마트폰에 신경을 기울이지 않고 오로지 책에만 몰두한 기억이 최근엔 없는데요.. 이 책은 한 시간 넘게 몰두하며 읽었고 이틀만에 완독했습니다. 술술 읽혀요.
4.0,2023-12-28,꼭읽고싶던 책 기대돼요.
4.0,2023-12-27,순식간에 읽히네요.
4.0,2023-12-26,겨울에디션이라서 또 구매했어요
4.0,2023-12-26,워낙 유명한데다가 겨울의 선물 에디션이라는 이야기에 바로 장바구니에 담았네요....! 재미있어요
4.0,2023-12-24,고마워요ㅎㅎ좋아요 좋습니다
4.0,2023-12-24,고마워요ㅎㅎ좋아요 좋습니다
4.0,2023-12-24,추천해요 재미있습미자
4.0,2023-12-23,"마음이 따뜻해지는 책이에요.
추천합니다."
3.0,2023-12-23,좋아요 세상사는 맛이 있네요
4.0,2023-12-22,아직초반이지만 좋은도서입니다.
4.0,2023-12-21,재밌게 읽었습니다.추천합니다
4.0,2023-12-20,"너무 재있고 감동도 있고 힐링되는 책입니다.
강력추천이요!"
4.0,2023-12-20,재밌게 잘 봤습니다. 글도 잘 읽히고 시간내서 보기좋았어요
4.0,2023-12-18,오랜만에 소설책을 읽었는데 이걸 다읽고 불편한편의점2를 바로 구매했어요 재밌네요^^
4.0,2023-12-18,제가 너무 재미있게 잘 읽어서 선물 할려고 다시 구매했습니다. 선물 받은 사람도 잘 읽어 봤으면 좋겠네요. 배송 꼼꼼히 잘 받았습니다. 감사합니다.
4.0,2023-12-17,잘 읽었어요.  아이가 좋더 크면 읽어보라고 추천 해줘야 겠네요.
4.0,2023-12-15,시작하자마자 쭉쭉 읽힙니다 재밌게 읽었습니다
4.0,2023-12-15,"아들을 위한 책 선물..
마음이 따뜻해 지는 책 좋아요"
4.0,2023-12-14,굉장히 재미있게 읽었습니다. 일상과 닿아있는 거 같아서 좋아요
4.0,2023-12-13,재밌게 읽어서 추천합니다
4.0,2023-12-10,재밌다고 추천받아 구입합니다
4.0,2023-12-05,"재미있습니다 
잘 읽혀요"
4.0,2023-12-05,제가 너무 재미있게 잘 읽어서 선물 할려고 다시 구매했습니다. 선 물 받는 사람도 잘 읽어 봤으면 좋겠네요. 배송 꼼꼼히 잘 받았습니 다. 감사합니다.
4.0,2023-12-04,관련분야 공부에 도움되요
4.0,2023-12-04,공감되는 좋은 내용이에요
4.0,2023-12-04,마음이따뜻해집니다
4.0,2023-12-04,좋아오ㅡ 좋아요 좋아오ㅡ
4.0,2023-12-03,재미있게 읽었어요
4.0,2023-12-03,좋은 책을 잘 샀습니다
4.0,2023-12-03,좋은 책을 잘 샀습니다
4.0,2023-12-03,좋은 책을 잘 샀습니다.
4.0,2023-12-03,2권이 궁금해졌어요
3.0,2023-12-02,다 못 읽었지만 재미있을 것 같아요
4.0,2023-11-30,재밌고 2권이 빨리 읽고 싶어요
4.0,2023-11-28,재미있습니다..베스트셀러...
4.0,2023-11-26,잔잔한 에피소드가 좋네요. 2권도 기대돼요.
4.0,2023-11-26,"🍀 평소 소설을 잘 안 읽는 청소년입니다🍀
전 보통 인간관계에 관한 그런 진중한 주제를 다루는 책을 많이 읽어왔습니다 소설엔 관심도 없었죠 근데 이번에 교보문고에 가게 될 일이 있어 갔는데 저번에 친구가 불편한 편의점 2가 나왔다고 좋아했던 모습이 생각 나 할 것도 별로 없겠다 이 참에 앞 부분만 조금 읽어볼까라는 생각이 들어 그 자리에서 읽어보게 되었습니다 이 책을 읽고 나서 소설은 그냥 만화책의 장문 버전이라고 생각했던 어리석었던 마음이 아예 사라졌습니다 책 안에서 던져주는 조언과 뭔가 모르는 현실성으로 공감되는 부분들이 초겨울인 지금 마음을 따뜻하게 해주더군요 구성이 깔끔하고 캐릭터 하나하나 다 완벽한 서사를 만들어내셔서 제작자분들께 엄청난 노력을 기울이신게 보이더라구요 덕분에 다양한 책을 접하는 데 있어서 거리낌없이 접하게 된 것 같습니다 감사합니다 •^•"
4.0,2023-11-26,추천합니다  감동적인 이야기
4.0,2023-11-25,잔잔한 감동과 가슴이 따뜻해지는 이야기를 읽었다. 쉬어가는 시간이 필요한 현대인들에게 추천한다.
4.0,2023-11-25,재밌습니다.!!!!!
4.0,2023-11-24,재미있게보았어요^^
4.0,2023-11-24,재밌습니다!!!!!
4.0,2023-11-21,단숨에 재밌게 읽었어요
4.0,2023-11-19,재밌게 잘읽었습니다
4.0,2023-11-19,WHEN I READ THE BOOK I FELT SO GOOD AND FUN.
4.0,2023-11-19,WHEN I READ THE BOOK I FELT SO GOOD AND FUN.
4.0,2023-11-19,재밌게 잘 봤습니다.
4.0,2023-11-18,좋은책 좋은 디자인 힐링돼요
4.0,2023-11-17,오랫만에 마음이 따뜻해졌어요~ 페이지가 순삭이네요~
4.0,2023-11-13,오랜만에 사본 소설.재밌네요
4.0,2023-11-11,언제부터 외모지상주의로 바뀐 저의 인식 또한 반성하게 되며 다시한번 주위를 둘러보고 책을 읽는 동안 힐링이 되는 책입니다
4.0,2023-11-08,"누군가의 호의가 선순환이 이루어진다면?

소설의 내용과 같이 하나의 돌맹이에 물결이 멀리멀리 번져나가듯 한 사람의 호의가 갖는 가능성과 확장성에 대해 생각하게 됩니다. 

저도 호의를 베푸는 아름다운 어른으로 살겠습니다! 

마음이 따뜻해지는 소설. 
일단 시작하면 끝까지 손을 놓기 어려운 작품."
4.0,2023-11-06,"아이가 좋아하는 책입니다.
표지가 너무 예쁘네요.
일부러 에디션으로 구입했습니다."
4.0,2023-11-05,불편한 사람들의 감동적인 일상 힐링... ^^
4.0,2023-11-04,연극보고 구매했는데 너무잼있엉ᆢ^^
1.0,2023-11-01,bdndnwnakdjcj
4.0,2023-10-31,"힐링되는 소설
글귀가 고급스러워 읽는 내내 행복했습니다."
4.0,2023-10-31,재미있게 잘 읽었습니다
4.0,2023-10-28,쉽게 읽을 수 있는 힐링소설인것같습니다
4.0,2023-10-27,내용이 좋습니다 추천요
4.0,2023-10-26,"2편도 기대되는 책이예요.
오랜만에 책에 푹빠져 읽었습니다.
힐링이 필요하신분들께 추천입니다."
4.0,2023-10-26,마음이 뭉클해지는 책입니다
4.0,2023-10-22,잔잔한 감동을 받았어요
4.0,2023-10-21,오랜만에 촉촉한 감성을 느꼈어요~
4.0,2023-10-20,조카에게 선물했어요. 다양한 사연의 다른 모습으로 생활하는 이들의 모습을 보고 조카가 사람에 대한 이해의 폭을 넓혔음 해요.
4.0,2023-10-18,시간때우기로 읽는데 재미있으면서도 감동적입니다.
4.0,2023-10-18,자기 전에 읽기 좋아요
4.0,2023-10-18,너무너무 재밌게 읽었고 가슴이 따뜻해집니다
4.0,2023-10-18,아이와 재밌게 읽고 있어요
4.0,2023-10-15,힐링소설이라고 해서 구매해봤어요 기대됩니다
4.0,2023-10-14,"재미게 잘 읽었어요~~~
여러 생각도 하게 되고 정말 여운이 오래 가네요~~~"
4.0,2023-10-10,착한 이야기입니다 그치만 엄청나게 인기있는 이유는 잘 모르겠어요
4.0,2023-10-10,넘 재밌어요 이득 핵이득~
4.0,2023-10-09,마음이 따뜻해지는 책이예요.
4.0,2023-10-08,서로가 서로에게 손님
4.0,2023-10-08,재밌고 유닉합니다 매우 만족합니다
4.0,2023-10-07,"쉽게 읽히고 지루하지 않아요
재미있어서 금세 읽어버렸네요"
4.0,2023-10-07,마음이 따뜻해지는 책입니다.
4.0,2023-10-06,꾸준히 많은 사람들에게 사랑받는 이유가 있네요
4.0,2023-10-05,잼있게 잘 봤어요~~^^
4.0,2023-09-30,한 호흡으로 쭉ㅡ읽을 수 있었음
4.0,2023-09-29,마음이 따뜻해지는 책이에요
4.0,2023-09-29,재미있습니다이편도사세
4.0,2023-09-29,재미있습니다 그래서
4.0,2023-09-28,"잘 읽힙니다..
재미있어요"
4.0,2023-09-28,재미있어요.......
4.0,2023-09-28,I feel so good emotion.
4.0,2023-09-26,"인터넷에 카드리뷰 보고 구매했습니다.
내용이 참신하고 따뜻한 거 같은데 지금 읽고 있는 책 읽고 읽어보려구요.
요즘 뉴스보면 참 흉흉한데 이 책읽고 마음이 따뜻해졌으면 좋겠습니다.
2권도 있는데 2권도 살 예정이에요!"
4.0,2023-09-25,늠나 힐링돼버리는긋
4.0,2023-09-24,학교 추천서로 읽었는데 술술 읽혔어요
4.0,2023-09-23,학교에서 추천서로 사주었는데 제가 더 재미 나게 봤어요
4.0,2023-09-20,도서관에서 빌려읽고 감동받아서 구매했어요. 내용 힐링되요
4.0,2023-09-20,내용이 아주 좋아요 추천요
4.0,2023-09-19,선물하고 싶은 책
4.0,2023-09-19,좋은 인사이트를 얻을 수 있는 책입니다.
4.0,2023-09-15,내용이 정말좋아서 지인들한테 선물 많이했어요~
4.0,2023-09-15,읽으면서 힐링해요. 요즘 시기에 유행인 듯..
4.0,2023-09-15,어머니가 너무 좋아하셔서 구매햇습니다
3.0,2023-09-13,"현 시대의 문제점들을 살며시 녹여내면서 줄곧 따스한 감성을 잃지 않습니다. 그래서 읽기에 편안했고, 다양한 인물들의 상황에도 몰입하기가 좋았습니다."
4.0,2023-09-12,
4.0,2023-09-10,"정말 재밌게 잘 읽었어요~~~
아이도 재밌다고 여러번 읽었네요~~감동~~~"
4.0,2023-09-09,지인의 추천으로 읽게 되었어요 순식간에 한 권을 뚝딱!!했습니다 :)
4.0,2023-09-04,따뜻해요!!!!!!
4.0,2023-09-04,지인에게 선물했어요. 재미있어서...
4.0,2023-09-01,"내욜이 술술 읽혀서 시간가는 줄 모르고 봤습니다. 
저는 책을 중간정도까지 읽다 그만두는 버릇이 있는데, 이 책은 재밌어서 회사 점심시간에도 틈틈이 시간 내서 읽을 정도로 재밌었습니다. ""결국 삶은 관계였고 관계는 소통이었다.""라는 책 소개가 아주 잘 어울립니다. 2편도 사서 봐야겠습니다 ㅎㅎㅎㅎ"
4.0,2023-08-30,오랜만에 마음이 몽글몽글해졌어요
4.0,2023-08-29,
4.0,2023-08-29,"남녀노소 모든 사람들에게 감동과 위로를
주는 책"
4.0,2023-08-25,친구에게 선물해주었는데 좋아합니다~!
4.0,2023-08-24,최고예요.최고예요.
4.0,2023-08-23,재미와 감동 모두 받고 있어요
4.0,2023-08-22,"쉼없이 읽혀졌습니다.
재미, 감동 모두 만족스럽습니다."
4.0,2023-08-22,"쉼없이 읽어지네요
공감,  재미 모두 만족스럽습니다."
4.0,2023-08-20,재미있게 잘봤습니다
3.0,2023-08-20,"오랜만에 책 사요..
기대되는 책이예요~~"
2.0,2023-08-20,결국 삶은 관계였다.
4.0,2023-08-19,
4.0,2023-08-18,지인이 사서 봤다는데 좋네요
4.0,2023-08-16,힐링되는 따뜻한 이야기
4.0,2023-08-16,읽고나면 마음이 따뜻해져요
4.0,2023-08-16,이 책을 읽으면서 책장을 빨리 넘기기보다는 느리게 넘기고 싶었어요 많은 이들의 인생을 보며 공감하고 위로를 받으며 힐링됐어요
4.0,2023-08-15,재미나게 잘 읽었어요.
4.0,2023-08-13,힐링되는 도서입니다.
4.0,2023-08-07,재미와 감동을 동시에 주는책 입니다. 술술 잘 읽혀요
4.0,2023-08-07,재미와 감동을 동시에 주는책 입니다. 술술 잘 읽혀요
4.0,2023-08-05,술술 잘 읽히고 힐링되는 책
4.0,2023-08-03,책 속의 이야기에 빠져들어요
3.0,2023-08-03,편의점의 세계에 입문하다
4.0,2023-08-01,추천받아서 남자친구 선물로 구매했습니다. 재밋어서 꼭 2편도 선물해주고싶어요🩷
4.0,2023-07-31,"초3아이가 읽어보고 싶어해서 구입했어요
재밌다고 하네요"
4.0,2023-07-30,방학동안 추천도서로 주문했습니다
4.0,2023-07-29,"추천 받아서 이제서야 기대하고 주문 하였어요 
예쁘고 기대되요"
4.0,2023-07-29,아이가 고른책 재미있게 읽었어요
4.0,2023-07-29,아이가 고른책. 재미있게 읽었어요
4.0,2023-07-26,재미있게 잘 읽었습니다
4.0,2023-07-26,재미있게 잘 읽었습니다.
3.0,2023-07-25,재미있게 잘 읽었습니다~
4.0,2023-07-24,이책은 감동적인 이야기에요
4.0,2023-07-23,좋아요 좋은 책입니다
4.0,2023-07-23,가슴따뜻한 이야기 정말 감동적이였어요. 주변에 마구 추천하고 있습니다
4.0,2023-07-21,재미와 감동을 모두 느낄 수 있어요
4.0,2023-07-19,왜 계속 베스트셀러에 있는지 알겠는..진짜 너무 재미잇게 읽었습니다!
4.0,2023-07-19,내용 잘 재미있어요
4.0,2023-07-18,오랜만에 마음이 따뜻 몽글
4.0,2023-07-18,오랜만의 따뜻한 이야기
4.0,2023-07-15,아이가 원해서.구입했어요
4.0,2023-07-14,재밌어요 잘보고있어요
4.0,2023-07-14,"지인이 추천해서 책을 샀어요
잘 읽어볼께요"
4.0,2023-07-13,감동받아서 울다가도 좋아서 웃었네요
4.0,2023-07-13,"배송도 빠르고,포장도 꼼꼼합니다.힐링돼요."
4.0,2023-07-09,강력하거나 자극적인 소재가 없어서 힐링받고 싶을때 편하게 읽을 수 있는 책
4.0,2023-07-06,코로나 시국때 일어난 이야기들이라 많이 공감되고 재미있고 넘 빨리 읽혀서 아쉬었어요^^
4.0,2023-07-05,잔잔하게 읽기 좋은 책
4.0,2023-07-05,나도 따뜻한 어른이고 싶다.
4.0,2023-07-02,힐링돼요.힐링돼요.
4.0,2023-07-02,시간 가는줄 모르고 읽었어요~
3.0,2023-06-30,잔잔한 감동 너무 재밌네요
4.0,2023-06-29,우리 주변의 소소한 일상을 그린 공감가는 내용입니다
4.0,2023-06-28,앉은 자리에서 바로 끝까지 다 읽었습니다 감동적이에요
4.0,2023-06-26,너무잼있게 아이랑같이읽었네요.
4.0,2023-06-25,일반 시민들의 애환을 잘  녹여서 씁니다 재밌는 이야기 입니다
4.0,2023-06-25,재미있고 감동적인 책이예요~
4.0,2023-06-25,소소한이야기와 잔잔한 감동
4.0,2023-06-25,생각보다 재미있게 읽었습니다
4.0,2023-06-24,읽는게 술술 넘어가요
4.0,2023-06-21,오랜만에  가슴 따뜻하면서도 재미있게 한숨에 다 읽었네요.
4.0,2023-06-21,다음작품이 기다려지는 작품이에요. 우리 주변에 있을 것은. 그랬으면 하는 이야기에 절로 공감이 되고 동화되어간답니다
4.0,2023-06-21,전세대가 볼수 있는 책같아 구입
4.0,2023-06-20,재미있게 읽어 보려고 구매
4.0,2023-06-20,역시 2편도 너무 재밌고 따듯햇어여. 언젠가 청파동에 들려보고싶을만큼요! 언제나 그자리에서 있어줬으면하는 불편한편의점!! 읽는동안행복했어여 ㅠㅠ
3.0,2023-06-16,그냥 가볍게 읽는 책입니다. 막 권할 정도는 아니네요
4.0,2023-06-16,초등5학년 여아가 좋아하네요
4.0,2023-06-16,공감되는 얘기가 많네요.
3.0,2023-06-15,가슴 먹먹한 이야기 잘 읽었어요
4.0,2023-06-13,"뭔가 끌리는 제목으로 구매했는데, 많이 재밌으면서 공감가는 내용이에요"
4.0,2023-06-09,재미있게 잘 봤어요.
4.0,2023-06-08,따스하고 진정 인연에 고리는 최고에 선물이다.슬픔과 감동.넘 잼있게 보았네요..
4.0,2023-06-07,마음이 따뜻해지는 책이네요 2권도 너무 기대가 되네요~
4.0,2023-06-06,시간 가는 줄 모르고 봤어요
4.0,2023-06-06,
4.0,2023-06-05,아주 재밌게 잘봤습니다 고맙습니다
4.0,2023-06-05,읽으면 읽을수록 맘에 새롭게 느껴지네요
4.0,2023-06-03,"힐링받는 좋은 책 이예요
추천합니다 ^^"
4.0,2023-05-31,아이가 재미 있어하네요~
4.0,2023-05-30,어른다운 어른이 등장하는 따뜻한 책
4.0,2023-05-30,술술술 너무 재미나게 읽히는 소설이에요
4.0,2023-05-30,신선하고 너무 재밌어요ㅎㅎ
4.0,2023-05-28,베스트셀러는 이유가있네요 너무 좋았어요
4.0,2023-05-25,편의점의 베스트셀러 참참참 참치김밥 참깨라면 참이슬
4.0,2023-05-23,추천받아 구매했는데 추천해준 이유가 있었네요 재미있게 잘 읽었어요
4.0,2023-05-22,시간 가는 줄 모르고 읽었습니다.
4.0,2023-05-22,아름다운 이야기들. 힐링 그 자체
4.0,2023-05-21,다들 많이 읽는 이유가 있네요
4.0,2023-05-20,정말재있게 읽었어요!!
4.0,2023-05-20,또 읽고해도 너무 재밌어요
4.0,2023-05-19,"배송도 빠르고 좋아요 ㅎㅎ 
재미나요."
4.0,2023-05-18,다양한 사람들에 관한 이야기가 소소하게 재밌네요
4.0,2023-05-18,읽을수록 마음이 따스해지네요
4.0,2023-05-18,하도 재밌다길래 궁금해서 사봤는데 재미있네요 우리에게 친숙한 편의점을 소재로 해서 좋습니다
4.0,2023-05-17,ㄹㄹㄹㅈㄹㅈㄹㅈㄹㅈㄹㅈㄹㅈㄹㅈㅈㄹㅈㄹㅈㄹㅈ
4.0,2023-05-17,ㄹㄹㄹㅈㄹㅈㄹㅈㄹㅈㄹㅈㄹㅈㄹㅈㅈㄹㅈㄹㅈㄹㅈ
4.0,2023-05-17,ㄹㄹㄹㅈㄹㅈㄹㅈㄹㅈㄹㅈㄹㅈㄹㅈㅈㄹㅈㄹㅈㄹㅈ
4.0,2023-05-17,쉽게 읽히고 재밌어요
4.0,2023-05-16,평범하지만 잔잔하게 읽히는 매력
4.0,2023-05-16,힘들고 짜증나는 나날의 연속이었는데 힐링됨
4.0,2023-05-16,"책이 술술 읽힐만큼 재밌고, 이해도가 쉽습니다."
4.0,2023-05-15,감명 깊게 잘 읽었습니다
4.0,2023-05-15,감명 깊게 읽었습니다
4.0,2023-05-12,재밌어요
4.0,2023-05-12,너무너무너무 추천하는 소설이에요
4.0,2023-05-12,인사이트를 얻을 수 있는 책입니다.
4.0,2023-05-11,힘든시기에 읽기 좋은 책이었습니다 마음이 따뜻해집니다
4.0,2023-05-11,최근에 머리가 복잡하고 어지러웠는데&hellip;재밌는 책 읽고 마음이 나아졌어요^^ 편안하게 잘 넘어 갑니다~~
4.0,2023-05-10,재밌게 잘읽었어요 ^^
4.0,2023-05-09,좋은책은 두권이든 세권이든 여러 사람을 위해 필요한거 같아 구매 신청합니다
4.0,2023-05-09,가볍고 재미있게 읽을 수 있어요
4.0,2023-05-09,읽다보니 시간 잘가고 재밌어요
3.0,2023-05-08,순식간에 읽어 내려감
4.0,2023-05-06,"은퇴한 점주와 노숙자..그리고 단기알바생과 그곳을 찾는 손님을 통해 인생의 깊이를 다시 새길수있었던
재미있는 작품이었읍니다"
4.0,2023-05-05,좋은 책인것 같아요
3.0,2023-05-03,"유쾌하고 주인공의 마지막이 기대되는 소설입니다.
힐링까지는 아니지만 볼만 합니다."
4.0,2023-05-03,재미있게 읽고 선물 주려고 여러권 샀어요!
4.0,2023-05-03,깔끔하게 잘 읽히는 소설책입니다.
4.0,2023-05-03,쉽게 읽히고 눈물도 나왔어요
4.0,2023-05-03,소설이고 쉽게 읽혔어요
4.0,2023-05-02,감동적이고 잔잔한 소설
4.0,2023-05-02,너무나 감동적인 책~ 아이도 너무 잘 읽었습니다
3.0,2023-05-02,
3.0,2023-05-02,재밌네요. 내용도 중간에 반전이 있고 내용이 현실적으로 묘사가 된거 같습니다.
4.0,2023-04-30,쉽게 읽히고 내용도 맘에 들어요
4.0,2023-04-30,하루만에 읽었어요 너무 재미있네요
4.0,2023-04-30,재밌습니다 최고에요!
4.0,2023-04-30,많은 교훈을 깨닫게 해 준 책입니다
4.0,2023-04-29,"우선 감사합니다
좋은작품  좋은 글을 읽을 수 있도록해주셔서
고맙습니다"
4.0,2023-04-28,쉽게 읽히고 따뜻한 책입니다. 추리소설이나 어두운 느낌의 책을 선호하였지만 간만에 마음이 따뜻해지는 즐거운 독서였어요!
4.0,2023-04-27,재미있게 읽었습니다!
4.0,2023-04-24,아이가 읽고싶대서 샀습니다
4.0,2023-04-24,아이가 읽고싶대서 샀어요
4.0,2023-04-21,편하게 읽을 수 있는 이여기에요~
4.0,2023-04-20,"정말 공감되고 가슴 따뜻해지는 좋은책
술술 잘 읽어지네요^^2편도 기대됩니다"
4.0,2023-04-18,편의점운영하는 입장에서 공감되는것도 많았고 내용도 너무 재밌었어요ㅎ
4.0,2023-04-18,왜. 인기가 있는지 알겠네요. 격한 감동보다는 바로 곁에서 일어나는 일들같은 소소한 감동
4.0,2023-04-17,나에게도 퇴근 후 들릴 수 있는 불편한 편의점이 있었으면...
4.0,2023-04-17,"오랜만에 읽는 책을 읽기 시작했는데 정말 재미있어요
시간가는줄 몰랐어요"
4.0,2023-04-16,"미리보기로 내용을 보다 넘 재밌고 궁금해서 바로 1,2권 주문했어요. 며칠만에 두권 다 읽었네요. 너무 재밌고 따뜻하고 읽는 동안 몇번을 울었는지. 초6 아이에게 읽어보라고 추천해줬어요."
4.0,2023-04-16,재미있게 읽었습니다. 편하게 읽을 수 있었습니다
4.0,2023-04-15,술술 잘 넘어가서 앉은 자리에서 다 읽었어요.
4.0,2023-04-15,순식간에 다 읽었어요 재밌어요
4.0,2023-04-15,"가슴 따뜻한 봄날 벗꽃처럼 
고운글 입니다
참 감동깊게 읽었어요
2편구매^/^"
4.0,2023-04-15,"세상 살아가는 사람들의 여러 이유들, 삷의 가치를 다시 배우게 됩니다."
4.0,2023-04-14,술술 잘 읽힙니다!! 베스트샐러 이유 있네요!
3.0,2023-04-14,2권을 부르는 내용임
4.0,2023-04-14,재미있게 잘 읽힙니다 ^^
4.0,2023-04-13,"너무 잘 읽었어요
감히 추천합니다
꼭 읽어보세요 ^^"
4.0,2023-04-13,내용이 흥미롭고 재밌습니다 새로운걸 알아가요
4.0,2023-04-12,재밌게 읽고 친구 선물해줬어요 ㅎㅎ
4.0,2023-04-11,생각만 해도 따뜻해지는 소설이었습니다.
4.0,2023-04-09,"괜히 베스트셀러가 아니네요~
연령대 상관없이 술술 잘 읽혀서 온 가족이 다 읽었네요^^"
4.0,2023-04-09,힐링되고 재미있어요~
4.0,2023-04-09,"각박한 세상에서 마음 따뜻하게 해주었고
평범한 소재로 금방 잼있게 잘 읽었습니다"
4.0,2023-04-09,아이와 함께 읽으니 좋아요.
4.0,2023-04-08,따뜻한 이야기라서 좋네요
4.0,2023-04-07,"아직 읽지는못했어요.읽고있는책이있거든요,"
4.0,2023-04-07,"아직 읽지는 못했어요.빠른배송감사합니다.
설렘가득안고 구매했어요.읽고있는책 다보고 읽어야겠네요"
4.0,2023-04-07,
4.0,2023-04-06,불편한 편의점~ 따뜻한 마음과 생각으로 금방 잼있게 잘읽었습니다~~^^
4.0,2023-04-06,공부하는ㄷ ㅔ 정말 도움 많이 됩니다 강추
4.0,2023-04-05,아름다운 우정의 역사. 최고네요~^^
4.0,2023-04-05,우리동네 근처를 배경으로 해서 더 좋았네요...
4.0,2023-04-03,아들이 읽어보고 싶다고 주문했습니다~
4.0,2023-04-03,1편에 이어 가슴이 따뜻한 내용의 책입니다. 꼭 주변에 책 속의 인물이 있을거같아요.
3.0,2023-04-03,"간만에 웃으며 책을 읽었네요
마음 따뜻한 세상이네요"
4.0,2023-04-02,시간 가는 줄 몰랐어요 재미있어요. 마지막 부분에 마음이 좀 울리네요!
4.0,2023-04-02,아직 읽지는 않았지만 기대되요
4.0,2023-04-01,봄날 마음이 따뜻해지는 책이에요
2.0,2023-03-31,재미있는 부분도 있고 어쩔수없이 종이만 채운듯한?부분도 있어 아쉬웠어요 한번 읽고 팔았어요
3.0,2023-03-30,재밌긴 한데 인터넷소설을 읽는 느낌이에요... 2는 구매하지 않으려구요
4.0,2023-03-30,
4.0,2023-03-30,오랜만에 재미있게 읽을 수 있었던 소설입니다
4.0,2023-03-28,시간가는 줄 모르고 읽었습니다.
4.0,2023-03-28,불편한 편의점 정말 재미있네요
4.0,2023-03-28,불편한 편의점 재밌습니다
4.0,2023-03-28,"와.
우연히 헤어샵에 비치된 책을 읽게 되었는데..  뒷내용이 궁금하여 바로 주문해서 순식간에 완독했습니다."
4.0,2023-03-27,불편한 편의점 재미있습니다.
4.0,2023-03-27,불편한 편의점 재밋습니다
4.0,2023-03-27,재미있습니다 아주많이
4.0,2023-03-26,"제 기준 특별히 남는 건 없지만
술술 읽혀요"
4.0,2023-03-26,"재밌어여! 
반전이 엄청나다기보다 잔잔하니 재밌는 책"
4.0,2023-03-26,학교 선생님의 추천도서로 구매해서 읽고 있어요~
4.0,2023-03-26,즐겁게ㅜ읽고 있습니다
4.0,2023-03-25,깔끔한 내용 구성!
4.0,2023-03-24,"내용에 공감이 많이 돼요
가슴이 따뜻해져요"
4.0,2023-03-24,배송빠르고 재미 있어요
4.0,2023-03-24,
4.0,2023-03-24,
4.0,2023-03-23,삶에서 서로 관계를 맺고 그 관계에서 소통은 그리 어렵지 않다는 걸 알려주는 듯 해서 좋았어요
4.0,2023-03-23,재밌어서 선물해줬어요
4.0,2023-03-23,읽고 재밌어서 선물했어요
4.0,2023-03-23,도서관에서 빌려보려고 했는데 항상 대출 중이라 구매했는데 소장하길 잘했어요
4.0,2023-03-23,책을 손에서 놓질 못하고 넘 재밌게.읽었어요
4.0,2023-03-23,"읽는 내내 미소를 지으면서 읽을 수 있는 책
책을 덮고 나서도 계속 미소를 지을 수 있는 책"
4.0,2023-03-22,고등학교에서 선정해서 학생들에게 읽힐만큼 좋은책입니다
4.0,2023-03-21,재밌어요.......
4.0,2023-03-21,아주아주 기대되요~
4.0,2023-03-20,소소한 재미와 힐링
3.0,2023-03-20,
4.0,2023-03-20,마음이 따뜻해지는 힐링 소설입니다
4.0,2023-03-20,갖고 있기 좋습니다.
4.0,2023-03-20,재미있게 구성되어 있는것같아요
4.0,2023-03-20,1편 보다 더 잘 읽었어요
4.0,2023-03-20,재미있어요. 다음에 어떤 얘기가 나올까 궁금하고요
4.0,2023-03-20,지인에게 쥴 선물로 구입합니다.  따뜻한 이야기입니디.
4.0,2023-03-20,마음이 따뜻해지는 책입니다
4.0,2023-03-18,
4.0,2023-03-18,"쉽게 읽히지만 마음속에 오래남는 책이라 생각됩니다
책을 멀리하셨던 분들도 읽기 좋은책일 것 같아요 
편의점에서 마주치는 사람들의 모습도 주변에서 자주 스치는 지나가는 사람들도 새롭게 보이는 듯 합니다"
4.0,2023-03-18,내용도신선한고빠르게읽을수있었습니다 구매하고이제읽어보네요
4.0,2023-03-18,좋은 책 입니다 잘 읽겠습니다
4.0,2023-03-17,"하루도 안 돼서 다 읽었어요
감동 포인트도 있고 너무 재밌어요!"
4.0,2023-03-17,"너무재미있어요
순식간에 다읽어버림"
4.0,2023-03-15,"최고에 작품.가슴 뭉클하게, 찡하게, 희노애락을 느낄 수 있어서 넘 좋았어요."
4.0,2023-03-15,잘 받았습니다 따뜻한 봄과 어울려요
4.0,2023-03-15,재밌어요. 재밌는 문장과 재밌는 캐릭터 !
4.0,2023-03-14,재밋게 잘 읽었습니다!
4.0,2023-03-14,재미있게 잘 읽었습니다
4.0,2023-03-12,"잘 읽힙니다. 
결론은 조금 당황스러웠어요."
4.0,2023-03-12,"들여다보면 누구나 각자의 사정이 있는거죠
 <불편한 편의점>을 읽으며,타인을 들여다 볼 여유가  생겼어요
오늘,용기내어 타인을 만나러 갑니다
오늘,용기내어 타인을 만나러 갑니다"
4.0,2023-03-12,배송도 빠르고 재미있어요
4.0,2023-03-11,"일상 생활에서 쉽게 접할 수 있는 소재인 것 같지만, 작가님만의 따뜻한 시선으로 풀어내신 것 같아요. 뭉클한 감동을 느낄 수 있었습니다."
4.0,2023-03-11,"너무 읽고 싶어 도서관에 순서가 오기만을 기다리다 못 참고 e북으로 읽었습니다. 읽는 내내 힐링되고 마음이 따듯해지는 온기를 느꼈습니다.
마음이 좋아짐을 느끼며 좋은 책을 읽게 되어 너무나 좋은 시간이였습니다."
4.0,2023-03-11,편안하게 읽기 좋은 책이네요
4.0,2023-03-11,"눈물이 너무나서 진도 나가기가 힘들정도네요!!
이렇게 따뜻해도 되나요??
 내가 아닌 나로 살아가는 사람들에게 너로써 충분히 괜찮다며 토탁여 주는 기분이에요. 
웃겼다가 울렸다가! 한마디로 정신 못 차리는 중입니다."
4.0,2023-03-09,이야기도 재밌고 글도 잘 읽어지네요
4.0,2023-03-09,잘 읽도록 하겠습니다.
4.0,2023-03-09,그냥 술술 넘어가요. 약가에 힐링도 있어요
4.0,2023-03-09,꼭 읽어야 되는 소설입니다
4.0,2023-03-08,이 책은 정말 꼭 읽어보세요
4.0,2023-03-08,정말 읽어보고 싶었던 책입니다
4.0,2023-03-08,베스트셀러여서 사봤는데 재밌게 읽을게욤!
4.0,2023-03-08,선물용으로 구매하였습니다. 표지에디션도 이쁘고 선물받은사람이 좋아하네요
4.0,2023-03-08,"너무 재밌게 읽었답니다.
강력 추천합니다."
4.0,2023-03-08,
4.0,2023-03-08,"딸아이가 구입해 달라고해서 제가 부터 읽고 줬네요 ㅋㅋ 재밌습니다. 
어릴때 읽던 오쿠다 히데오 기억도 나네요"
4.0,2023-03-07,왠지 지금 편의점에 가면 독고씨가 카운터에 계실것 같아요.
4.0,2023-03-07,아주 정말 좋습니다
4.0,2023-03-06,가슴이 따스해지는 책이네요
4.0,2023-03-06,간만에 가슴이 따땃해지는 책이네요
4.0,2023-03-06,시간 가는 줄 모르고 읽었네요
4.0,2023-03-06,아직 다 읽지는 못했지만 좋아요~
4.0,2023-03-05,서점에서 보고 평이 좋아서 구입했습니다.
4.0,2023-03-04,따뜻해요 추천합니다
3.0,2023-03-04,한번 에 재미 있게  읽었습니다
4.0,2023-03-04,재미있네요
4.0,2023-03-04,"배송이 꼼꼼해서 좋았어요~
책을 펴고 단숨에 읽었네요~"
4.0,2023-03-04,재미와 감동! 너무좋았습니다.
4.0,2023-03-04,표지부터 감동^^ 재밌게 봤어요
4.0,2023-03-04,한 번 펼치면 멈추지 못하고 끝까지 보게되요
4.0,2023-03-03,내용 좋고 배송빨러소 잘읽었어요
4.0,2023-03-03,"엄마가 요청하셔서 구매해드렸어요
재밌다고 하시네요"
4.0,2023-03-03,힐링스토리 한번 읽어보세요.
4.0,2023-03-02,"마치 TV로 드라마를 한편 보는 것 같았다. 
대한민국의 세상 한 구석과 전체를 보는것 같았다.
여러 군상들의 이야기를 접하면서 , 시간 가는 줄 모르고 읽은 소설이다."
4.0,2023-03-02,"책 속, 다음 이야기가 궁금하여 단번에 완독^^! 스토리가 소설적이라기 보다는 현실에서 일어났을 법한 이야기로 다가왔습니다. 꼭 한 번 읽어보세요_"
4.0,2023-03-01,"나만 힘들었던게 아니었던 코로나시절. 
다들 힘들게 버티고 있지만,
우리가 알지 못했던 따뜻한 공간과
그 공간에 있는 마음에 따뜻한 인간이
주는 감동스토리였다."
3.0,2023-02-28,따뜻한 내용..잘 읽었습니다.
4.0,2023-02-28,덕분에 아이가 잘 읽습니다.
4.0,2023-02-28,어머니 드리려고 구매했습니다 재미있을 것 같네요
4.0,2023-02-27,마음이 따뜻해진다는 후기를 봤었는데 그 말이 가장 잘 어울리는 책입니다 에피소드 하나하나가 마음이 따뜻해져요 사람들에게 예민했던 때에 읽었다면 도움을 많이 받았을 것 같아요 좀 더 빨리 읽지 않은게 아쉽네요
4.0,2023-02-27,오랜만에 마음 따듯해 지는 소설이었어요^^
4.0,2023-02-27,재미있는 책입니다.
4.0,2023-02-27,역시 기대이상~~너무 재미져용
4.0,2023-02-27,베스트셀러답게 재밌네요.
4.0,2023-02-26,"동화 같은 이야기. 하지만 조금만 손을 뻗으면 현실 속에 서로 연대할 수 있도록, 현실에서도 가능할 그런 이야기."
4.0,2023-02-26,"편하게 읽기 좋은책입니다..
공감도 되고..,
가슴 뭉클하게 잔잔한 감동도 있네요~"
4.0,2023-02-26,와이프에게 선물했는데 재미있다고 2편도 주문해 달라고 하네요~~^^
3.0,2023-02-25,"간만에 어렵지않게 술술 읽어지는 글이 었습니다.  무슨 이유인지는 모르겠으나  마음이 힐링되는 느낌.
오랜만에 카페에서 커피한잔하며 책읽는 여유를 가졌네요."
4.0,2023-02-24,따뜻하고 훈훈한 내용입니다^^
4.0,2023-02-24,"감동이 곁들여진 흥미진진한 힐링 소설이네요 
가벼운 마음으로 보기 좋아요"
4.0,2023-02-24,"책은 재밌는데
인쇄가 좀 이상하네요. 
제 책만 그런건지 수평이 안맞고 좀 기울어저 있네요. 
파본인거 같기도 한데.."
4.0,2023-02-23,"다양한 사연을 가진 인물들의 삶을 통해 책을 읽으면서 여러모로 스스로를 많이 돌이켜보게 되었습니다.
독고씨의 에피소드에서는 깜짝 놀랐고 펑펑 울었습니다.
즐거움과 놀라움, 그리고 감동과 조언까지 얻을 수 있었던 책이었습니다!"
4.0,2023-02-23,약간 인터넷소설? 같은 느낌이긴 한데 힐링돼고 재밌어요! 가볍게 읽기 좋은 것 같습니다~
4.0,2023-02-23,따뜻한 드라마 한 편을 본 기분
4.0,2023-02-23,재미있게 잘읽었습니다. 사람과 사람에 대한 이야기와 인생을 살면서 필요한 부분의 이야기도 있다고 생각드는 좋은책이었습니다.
4.0,2023-02-23,힐링시간이었어요 마음이 따뜻해지네요
4.0,2023-02-23,베스트셀러가 이유가있어요
4.0,2023-02-23,아주 아주 좋아요 강추합니다
4.0,2023-02-22,내용이 아주 좋아요 저 읽고 딸아이도 읽고 좋네요 ㅎㅎ
4.0,2023-02-22,책을 오래 보지 못하는 편인데다가 소설은 처음 접해봐서 걱정했는데 괜한 고민과 시간낭비였네요. 읽는 순간 주인공의 상황에 대입되는 걸 느끼고는 일상적이고 평범한 내용에 비해 몰입감이 엄청난 책이구나싶었습니다.  이런 책 내주셔서 감사하고 추천해주신 미용실사장님께 감사합니다.
4.0,2023-02-22,생각보다 재밌었고 따뜻했어요
3.0,2023-02-22,잔잔하고 여운이남는 감동이있어요ㅠ현실에서도 이런일이일어나기를
4.0,2023-02-21,재밌게 읽고 있답니다~^^
4.0,2023-02-21,"책의 상태도 깔끔하며, 빠른 배송만족스럽습니다"
4.0,2023-02-21,e-book으로 읽으라고 했는데 종이책을 보고싶다고 해서 구매했어요
4.0,2023-02-21,책을 읽는동안 힐링 그 자체였어요
4.0,2023-02-21,정독해서 읽으면 정말 좋아요
4.0,2023-02-21,마음이 따뜻해지고 힐링되었어요
4.0,2023-02-21,관심있었던 책인데  이제야  구입
3.0,2023-02-21,마음이 따뜻해지는 책
4.0,2023-02-20,너무 도움 많이되는 책입니다. 추천
4.0,2023-02-20,"추천받아서 구매했습니다
빠른 배송 감사합니다~"
4.0,2023-02-19,마음이 따뜻해지는 글이네요.
4.0,2023-02-19,베스트셀러라 구매했어요..재미있을것 같아요
3.0,2023-02-19,읽으면서 편해지는 신기함
2.0,2023-02-19,잘 읽었습니다 심심할때 보기좋아요
4.0,2023-02-19,가슴이 몽글몽글해지니 참 간만에 힐링되는 책을 재미있게 잘 읽었습니다~~^^
4.0,2023-02-19,"아이가 학교에서 읽고 또 읽고 싶다하여 구매했어요^^
재미있는지 몇번을 더 읽네요~~"
4.0,2023-02-18,재미와 감동이 있어 너무 좋았네요.
4.0,2023-02-18,한장 한장 넘길때마다 다음 이야기가 궁금해집니다.
4.0,2023-02-17,너무 재밌어요 술술 읽혀요
4.0,2023-02-17,너무너무 재미있어요!!!
4.0,2023-02-17,재밌게 잘 읽었습니다~^^
4.0,2023-02-17,전자책으로도 봤는데
4.0,2023-02-16,재밌어요. 힐링됩니다.
4.0,2023-02-16,"고민많이 하고 고른 책이였는데, 너무 재미있네요~"
4.0,2023-02-16,잔잔하고 따스한 인간미가 독보적인 작품
4.0,2023-02-16,재미있게 볼 것 같습니다~~
4.0,2023-02-16,각자 인물별로 살아가는 내용들이 공감되도 힐링됩니다
4.0,2023-02-16,아이가 너무 좋아합니다.
4.0,2023-02-15,
4.0,2023-02-15,불편한 편의점 인기 많네요.
4.0,2023-02-15,세상에 마음이 따듯한 사람들이 많으니 아직은 살만한 세상이네요.. 이 책으로 저도 따듯한 마음을 챙겨야겠네요.
3.0,2023-02-15,매번 읽었던 책만 읽다가 오랜만에 새로운 걸 사서 읽었는데 좋네요
4.0,2023-02-15,추천받아서 구매했습니다 빠른 배송 감사해요
4.0,2023-02-15,세상을 다른 눈으로 보게해줘요
4.0,2023-02-14,우린 가끔 우리 자신에게 너무 몰두한 나머지 우리의 생각을 남들에게 표현하는 것을 잊고 만다. 정작 본인의 입장을 상대방에게 제대로 표현하지도 않은채 아무도 나를 이해하지 못한다고 생각한다. 같은 사건을 각기 다른 시점으로 표현한 이 책의 구성 덕분에 나는 우리 모두 각자의 입장이 존재하며 그것을 이해하기 위해선 서로간의 소통이 필요하다는 사실을 다시 한번 더 깨닫게 되었다.
4.0,2023-02-14,"모든 인물들이 주변에서 접할 수 있는 사연들이라 공감되었습니다.
우리 집 앞에도 ‘불편한 편의점’이 있으면 좋겠어요."
4.0,2023-02-14,기대가 돼요 빨리 보고 싶네여
4.0,2023-02-14,"삶에 희망이 보이지 않던 시기에, 따뜻함을 느꼈습니다. 
작은 일이라도 충실히 살아보고 싶어지는 시간이였습니다."
4.0,2023-02-14,독고씨를 만나고 싶다는 생각이 들었어요. 그저 가벼운 소설인줄 알았는데 많은 위로가 된 책입니다.
4.0,2023-02-13,편의점이 요즘은 너무 많아서 의미가 없는곳인데 이런편의졈이 있다면 한번 가보고 싶네요.
4.0,2023-02-13,"따뜻한 정이 
선한 영향을 
읽는 내내 
봄날 같다."
4.0,2023-02-13,소소한일상속에 피어나는 감동이야기
3.0,2023-02-13,후반으로 갈수록 좀 뻔해지는 내용 하도 유명해서 봤는데 갠적으로는 생각보다 그저그러네요
4.0,2023-02-13,너무 재미있어요. 짱입니다
4.0,2023-02-13,누구에게 선물해도 칭찬 받는 책&hellip; 모두가 재밌게 읽는 책
4.0,2023-02-13,지금 읽고있는데 술술 읽히네요
4.0,2023-02-13,꼭 읽어보세요. 훈훈해지네요
4.0,2023-02-12,아름답고 가슴따뜻해지는작품
4.0,2023-02-09,따뜻한 드라마 한 편을 본 기분
4.0,2023-02-09,베스트셀러래서 샀는데 볼만합니다 따사로운 이야기에요
3.0,2023-02-09,가볍게 읽기 좋네요
4.0,2023-02-09,생각보다는 이야기 구성이 조금은 아쉽고 너무 뻔한 진행과 결말
4.0,2023-02-09,아직 앞부분밖에 읽지않았지만 내용이 알차고 집중해서 계속 읽을정도로 몰입도가 높습니다
4.0,2023-02-08,재미있게 잘 읽었습니다
4.0,2023-02-08,가족 모두 재미있게 볼거같아요
4.0,2023-02-08,너무 재밌게 읽었러요
4.0,2023-02-07,"교보문고 배송이 최고네요
만족합니다"
4.0,2023-02-07,
4.0,2023-02-07,아주 좋아요 단골하고 싶네요 저  이제부터 부자 마인드
4.0,2023-02-07,너무 재밌게 읽었습니다
4.0,2023-02-07,좋은책 선물받아 행복해요
4.0,2023-02-07,마음이 따뜻해지고 감동이 밀려오네요
4.0,2023-02-06,등장인물들의 이야기가 재미있어 금방 읽어내려가게 만드네요.
4.0,2023-02-06,표지가 너무 예뻐요~ 고독과 우정에 대해서 흥미롭게 잘 풀려있는 책이에요
4.0,2023-02-06,시간가는 줄 모르고 읽었어요
4.0,2023-02-06,웃음도 있고 감동도 줍니다. 편하게 읽을 수 있어 좋아요😊
4.0,2023-02-05,가슴이 따뜻해지는 그런 책이예요.
4.0,2023-02-05,"편안하도 가볍게 읽기 좋은책 
이솝우화느낌"
4.0,2023-02-05,"유명한 책.. 궁금해서 사보았는데 
술술 읽히고 아껴 읽게 되는 책이에요 :) ㅎㅎ"
4.0,2023-02-05,아이낳고 오랜만에 책을 읽으며 손에서 놓지 않고 재밌게 읽었어요. 따뜻하면서도 감동이 있어 지친 마음이 힐링되는 기분이었어요.
4.0,2023-02-04,잔잔한 감동이 있는 책입니다. 오랜만에 읽은 책인데 좋았어요
4.0,2023-02-04,재있게 잘읽었어요 좋네요
4.0,2023-02-03,"민들레가 바람에 멀리멀리 씨앗을 날리는 것 같았습니다. 관계 ,소통, 사랑, 살아갈 수 있는 힘으로 쭉 이어지는 불편한편의점 사람들께 꾸벅 인사드리고 싶습니다. 감사합니다. ^^"
4.0,2023-02-03,인기 많은 이유를 알겠습니다
4.0,2023-02-03,많은 감동과 공감이 가는 좋은 책입니다. 같이 읽기 위해 직원들에게 구입해줬는데... 모두 만족하리라 생각합니다.
4.0,2023-02-03,아직 시간이 없어서 읽어보지는 않았지만..... 기대 됨
4.0,2023-02-02,독서량이 부족하여 주문했는데 만족하길 바랍니다.
4.0,2023-02-01,재미있어요 일상의 따뜻한 이야기 독고씨도 행복하기를
4.0,2023-02-01,역시 유명작은 이유가 있네요 감명깊게 잘 읽었습니다
4.0,2023-02-01,코로나이후에 가장 많이 추천하고 선물한 책입니다. 햄들고 지치시면 무조건 강추합니다.
4.0,2023-02-01,넘 재밌네요 힐링됐어용
4.0,2023-02-01,감명 깊게 읽었어요.
4.0,2023-01-31,담백하고 가슴 따뜻한 이야기네요. 재미있게 봤어요.
4.0,2023-01-31,술술 잘 읽히는 책이에요~ 남녀노소 누구나 부담없이 읽을 수 있어요
4.0,2023-01-31,한번 잡고 끝날때까지 한번에 쭉~ 읽히네요
4.0,2023-01-31,이야기의 흐름구성이 좋습니다
4.0,2023-01-30,딸이랑 함께 읽을려고 구입했어요
4.0,2023-01-30,단 몇시간만에 읽어버렸습니다. 마스크 해제가 된 날 기념으로.
4.0,2023-01-30,좋은 책입니다 추천 합니다
4.0,2023-01-30,책표지부터 엄청 맘에 들었어요. 근데 책장을 펴자마자 그냥 술술 넘어가네요.
4.0,2023-01-30,너무 재밌고 감동적인 소설 잘 봤습니다
4.0,2023-01-30,"재미나고 따뜻한 책이었어요^^
아이들과 소통도 시도해보고
가족들과의 대화도 도전해보고싶어요"
4.0,2023-01-30,재미있게 잘 읽었습니다
4.0,2023-01-30,쉽게 읽히는 가독성과 재미까지 잡은 이야기었습니다. 잘 봤습니다.
4.0,2023-01-29,편의점에서 일상속 생활이네요
4.0,2023-01-28,술술술 읽히는 재미와 감동과 힐링이 되어주는 책. 어느새 금방 읽어버린 책. 큰 감동의 여운이 남아 벚꽃의 반짝이는 마음처럼 희망이 되다.
4.0,2023-01-28,서점에서 몇장 읽어보다 재밌는거 같아서 바로 구입했습니다.
3.0,2023-01-28,도서관에서 빌려보려 아무리 기다려도 차례가 오지 않아 그냥 구입해 읽었다. 사람들이 많이 찾는 이 책을 보며 코로나를 겪은 우리가 갈망하는 사회가 어떤 모습인지 알게된 것이 가장 큰 감동이었다.
4.0,2023-01-28,4시간만에 완독했어요.너무 궁금해서
4.0,2023-01-28,베스트셀러는 이유가 있어요 추천합니다
4.0,2023-01-27,재미나고 감동적이예요.
4.0,2023-01-27,아직.읽기전이네요~ 이번년도는 책 많이 읽자가 목표인데 그 첫번째 책입니다~ 기대되네요~
