date,rating,review
2026-07-13,5,이태리국시 한남동 맛집으로 유명해서 초복 겸 반계마늘돌솥리조또🍗🍲랑 디저트로 인절미아이스크림🫘🍧 맛있게 잘 먹었습니다.😋👍🏻👍🏻🩷 직원 분들도 안내 친절하고 이태리국시 한남 💛카카오톡 채널💛 추가하면 식후에 소화를 돕는 달심효소 증정도 해주는 이벤트를 하네요.🤗✨ 더운 여름 몸보신용으로 반계마늘돌솥리조또 배부르고 푸짐하게 먹었고 무엇보다 구운 닭고기랑 리조또도 건강한 맛이어서 만족스러웠습니다.😍💕 감사합니다.😉🩷💕👍🏻 #이태리국시한남 #반계마늘돌솥리조또 #인절미아이스크림 #한남동맛집 #한강진역3번출구 #몸보신용음식 #초복닭고기음식 #내돈내산 #한남동이탈리아음식맛집 #🍗 #🍲 #🍧 #😋 #👍🏻
2026-07-25,5,메뉴가 다양하고 색다른 점이 너무 좋았습니다. 특히 한국인의 입맛을 저격하는 파스타. 리조또. 등 다양한 메뉴가 많네요 맛있게 먹고 갑니다 외국인분들도 드시면서 한국음식의 맛을 간접적으로 느낄 수 있지 않나 싶네요 다음에 와서 다른 메뉴도 시도해봐야겠습니다😙
2026-07-22,4,친구랑 동시에 여기다 ! 하고 온 한남동 맛집입니다! 늘 한남동에서 가던 집만 가다가 새로운 곳 도전해봤는데 메뉴도 정말 다채롭고 맛있는 것 같아요!! 친구랑 매번 뻔한 양식만 먹다가 새로운거 도전해보고 싶었는데 너무 만족합니다! 위치도 한남동 돌아다니다가 오기 딱 좋은 것 같아요!! 음식은 조금 시간이 걸리지만 그만큼 정성이 가득한것 같아용
2026-07-22,4,"아이랑 가서 대표메뉴인 한우대창 파스타는 못먹었지만, 주문한 메뉴도 맛있어서 다음에 다시와서 먹어보고 싶어졌어요. 반계리조토는 보기엔 뻔해보였는데 닭도 너무 맛있게 구워(?)져 있고 버터랑 마늘맛이 조화가 잘되어 있어서 기대보다 훨씬 맛있게 먹었어요.^^"
2026-07-05,5,"'숯불대창돌솥파스타'처럼 이름만 들어도 호기심을 자극하는 메뉴가 가득한 곳입니다. 단순히 신기한 조합에 그치지 않고, 한국인 입맛에 딱 맞춘 감칠맛과 완성도 높은 비주얼을 보여줍니다. ​한남동이나 이태원 근처에서 분위기 있으면서도 색다른 퓨전 요리로 기분 전환을 하고 싶을 때 강력히 추천하고 싶은 공간입니다. 만족스러운 한 끼였습니다!"
2026-07-22,5,양도 완전 많고 일단 곱창파스타 먹었는데 너무너머 맛있어요 국물이 레전드입니다 양도 많고 다들 양식땡기실때 무조건 일로오세요 피자도 완전 타코느낌으로 너무 맛있어요 둘이 이렇게 시켜서 드시면 완전 배불리 먹고 갑니당 디들 파스타 땡기시면 일로 오세용
2026-07-08,5,빠에야 맛있어요! 다 양이 생각보다 적지 않고 여자 둘이서 먹기 딱 좋음 양이에욤 전체적으로 익숙한 맛이라기보단 좀 색다른 느낌인데 분위기가 넘 좋아서 소개팅용으로도 추천드려요 근데 트러플감튀 진짜 마싯서요
2026-07-22,4,대표메뉴 불고기 피자와 한우돌솥파스타 먹었습니다~! 너무너무 맛있고 특히 피자가 깔끔한 맛이라 기억에 계속 남을 것 같아요! ☺️ 한남동에 다시 방문한다면 이태리 국시로 저녁먹으러 올 것 같아요~!🫶🏻
2026-06-30,5,오랜만에 만난 친구 부부랑 같이 만나는 자리라 전날 미리 예약하고 방문했어요! 바로 입장했구요 :) 아기 의자랑 자리 배려해주셔서 너무 좋았습니다. 맛있고 양도 많은데다가 분위기가 차분해서 너무 좋았어요 :) 특별한 외식이 필요한 날 추천하고 싶어요! 또 방문할께요~~~~~
2026-07-07,5,이태원에서 좀 특별한 거 먹어보고 싶어서 왔는데 흔하지 않은 퓨전 같아서 좋았어요 특히 한우곱창돌솥파스타 치즈향 많이 나고 슴슴한 듯 자극적이어서 맛있어요! 매장은 소개팅도 가능할 장소예요 깔끔하고 너무 좋았습니다 ㅎㅎ
2026-07-05,5,메뉴 3개 시켜서 먹었는데 다 맛있었어요!! 닭다리랑 마늘향나는 리조또 맛있었어용!!  한우곱창이랑 파스타랑 상상이 안갔는데 잘 어울리더라구요! 맛집으로 저장해놨다가 이번에 왔는데 한번쯤 와볼만한 것 같아요! 주말에는 웨이팅이 조금 있을 수 있어요! 외국인 친구들이랑 같이 오면 더 좋아할 것 같아요!
2026-07-05,5,가족들이랑 타 지역에서서 지하철타고 한남동 나들이 했습니다. 주변 맛집을 찾아보다가 대창 파스타에 꽂혀 들어왔습니다. 적당한 맵기에 초등 아이도 잘 먹었고 마늘향이 강하다는 리조또도 아이가 잘 먹었어요. 저희는 대체적으로 잘 먹었습니다!! 불고기 파스타도 맵기조절 가능해 아이가 잘 먹었네요.
2026-07-25,5,"음식 비주얼도 너무 예쁘고, 맛도 정말 좋았어요!🤍 특히 반계마늘돌솥리소토는 담백해서 끝까지 하나도 안 물리고 맛있었어요. 다만 마늘 향이 꽤 강해서 식사 후에 뽀뽀 스케줄 있으신 분들은 참고하세요🤣 대창 파스타도 적당히 매콤해서 맛있었고, 남자친구는 뇨끼랑 알배추가 제일 맛있었다고 하더라고요. 빠지는 메뉴 없이 다 맛있는 것 같아요!! 양도 푸짐했는데 너무 맛있어서 결국 싹싹 긁어먹고 나왔어요~ 완전 만족한 한 끼였습니다🤍"
2026-07-24,5,뜨끈뜨끈한 돌솥에 나오는 파스타랑 리조또 마지막까지 따뜻하게 맛있게 잘 먹었어요 이태리국시라는 이름처럼 이탈리안과 한식 퓨전 맛이 나네요 매콤한 대창 파스타랑 삼계리조또 속 든든하게 잘 먹었습니다
2026-07-14,5,"일반 이탈리안 메뉴가 아닌 한식과 퓨전 메뉴라고 해서 흥미로워서 방문해보았는데! 진짜 아는 맛인듯 아닌듯 맛있게 잘 먹었습니다. 매장 분위기도 예쁘고, 직원분들도 친절해서 즐거운 시간 보내고 왔어요 ㅎㅎ"
2026-06-24,5,"저번에 먹고 너무 맛있어서 재방문했습니다! 역시 너무 맛있네요~ 대창돌솥파스타도 너무 맛있고, 대창이 많이 들어있어서 좋았습니다. 특히 알배추숯불갈비샐러드는 꼭 드셔보셨으면 좋겠어요! 소개팅이나 데이트하기에도 분위기가 좋을 것 같아요~^^"
2026-06-21,5,그라운드 시소에서 전시 관람하고 방문했어요! 걸어오는 길이 푸릇푸릇해서 기분이 살짝 좋아졌는데 음식을 먹고 나니까 완~전 행복해졌어요🥰 너무 맛있고 양도 은근 많아서 든든하게 배 채우고 가요! 다음에 이태원쪽 놀러오면 또 방문해서 다른 메뉴도 먹어보고 싶어요!
2026-06-20,5,"이태원에서 피자랑 파스타가 먹고 싶어서 방문한 이태리국시! 저희는 곱창파스타랑 피자를 주문했어요. 곱창파스타는 뚝배기에 담겨 나와서 끝까지 따뜻하게 먹을 수 있었고, 매콤한 맛이 있어서 느끼하지 않게 즐기기 좋았어요. 곱창도 파스타랑 잘 어울려서 색다른 메뉴를 찾는 분들께 추천하고 싶어요. 피자는 일반적인 두꺼운 도우가 아니라, 또띠아처럼 얇은 도우에 나와서 가볍게 먹기 좋았어요. 쌈 싸 먹는 느낌으로 즐길 수 있어서 재미있고 부담스럽지 않았습니다. 이태원에 갈 일이 있다면 한 번 들러서 먹어볼 만한 파스타 맛집이에요. 매콤한 파스타 좋아하시는 분들께 특히 추천합니다!"
2026-06-25,5,맛집 찾아서 왔는데 너무 너무 맛있어요. 곱창 파스타 잡내 하나 안 나고 칼칼하니 뚝배기에 지글지글 끓어 나오는데 정말 인생 맛집이네요. 샐러드도 맛있고 와인이랑 잘 어울려요. 갈비 파스타는 매운 소스를 빼고 따로 아이와 먹었는데 하나도 안 남기고 맛있게 잘 먹었습니다
2026-07-05,5,한남동 이태리국시 다녀왔어요! 맛있는 메뉴가 많아 고민하다가 대창 파스타를 먹었는데 진짜 신의 한 수였습니다 자칫 느끼할 수도 있는 조합인데도 소스가 중심을 딱 잡아줘서 완전 순삭했습니다. 한남동 맛집 인정입니다! 대창 파스타는 꼭 드셔보세요!
2026-07-04,5,대창파스타랑 갈비리조또 먹었는데 갈비 리조또가 진짜 맛있어요 !! 고기도 맛있구 분위기도 좋아서 데이트나 친목 모임으로 방문하기 좋을 거 같아요 🤍🤍 두번째 방문인데 첫번째때보다 더 좋네요 !!!! 양도 많은 두명인데 배부르게목었읍니다 !! 추천추천 🩶🩶
2026-07-22,5,전복도 전복인데 고기가 진짜 맛있어요 고기 리뷰는 많이 없어서 걱정했는데 하나도 안질기고 간도 딱맞고 제사랑 메쉬포테이토도 조합이 짱 ♥
2026-07-11,5,오랜만에 만난 고향 친구들과 함께 방문했습니다. 대창 파스타랑 뇨끼는 처음 접해봤는데 한입 먹어보고 너무 놀랬습니다! 그리고 리소토도 고소하고 다 먹을 때까지 뜨끈하게 맛있게 먹었습니다. 그리고 오렌지자몽에이드 진짜 추천합니다. 자극적이지 않게 적당히 달고 맛있는 어른의 음료였어요// 반했습니다. 다음에 한남동 쪽을 방문하게 된다면 또 오고 싶어요~
2026-07-23,5,음식이 다 너무 감칠맛나고 맛있었어요!! 갈비 양배추도 너무 맛있고 곱창 파스타는 처음 먹어보는데 계속 들어가는게 중독성 최고에여!! 빠에야도 너무 맛있어요ㅜ
2026-05-31,4,재료들 간 하나하나 섬세하게 되어있고 각 디쉬의 개성이 선명해서 같미 먹은 모든 분들이 만족했어요 빠에야 갑오징어 향과 색과 결까지 완벽했어요 대창도 깨끗하게 손질된데다 고추장과 파스타의 조합도 의외성이있어 좋았습니다 잘먹었습니다
2026-07-15,4,파스타 피자류가 먹고 싶어서 검색해서 왔어요. 공간 넘 쾌적하고 메뉴들이 다 미쳤어요. 진짜 너무 흡족 만족 맛있습니다!!!!! 다른 메뉴도 다 너무 먹어보고 싶어요!!
2026-07-04,5,"기대 이상으로 맛있게 먹었습니다. 갑오징어 빠에야는 해산물이 신선하고 감칠맛이 좋아 가장 인상적이었고, 청양 차돌 오일파스타는 적당한 매콤함 덕분에 계속 손이 갔습니다. 갈비찜 버터파스타는 부드러운 갈비와 진한 소스가 잘 어울려 든든했고, 숯불 불고기 쌈피자는 불향이 확실해서 다른 곳에서는 쉽게 못 먹는 맛이었습니다. 메뉴 구성이 다양해서 여러 명이 방문해 나눠 먹기 좋았고, 다음에는 다른 메뉴들도 먹어보고 싶습니다. 맛있게 잘 먹었습니다!"
2026-07-18,5,"반계마늘돌솥리조또랑 숯불대창돌솥파스타 주문했는데 둘 다 시그니처인 이유가 있네요! 반계는 겉은 바삭하고 속은 촉촉해서 크림 리조또랑 정말 잘 어울렸고, 마늘 크림도 진해서 고소하게 먹었습니다. 대창돌솥파스타는 불향 나는 대창이 잡내 없이 고소했고 매콤한 오일 소스라 느끼하지 않아서 계속 손이 가더라고요. 돌솥이라 끝까지 따뜻하게 먹을 수 있어서 더 좋았습니다. 재방문해서 다른 메뉴도 먹어보고 싶어요!"
2026-07-23,5,다 처음먹어보는 음식이라 새롭고 기대이상으로 너무 맛있었어요! 고급진 퓨전 음식 먹는 기분! 다음에도 또 와서 메뉴 다 먹어보고싶네용 ㅎㅎ
2026-07-11,4,토요일 오픈 하자마자 가니까 웨이팅 없이 앉을수있었어요! 독특한 퓨젼 메뉴도 좋았고 맛도 너무 좋았어요!! 재료도 좋은거 쓰는것 같았고 저희가 먹은 모든 메뉴가 다 맛있었어요! (사진에 없는 감튀도 맛돌이….)
2026-07-16,5,이태원에서 맛있는 식당 찾다가 알게되었는데 강추드립니다!! 음식두 맛있고 특이하구 구성도 알찹니당~ 맛있게 먹구갑니다~~🤗
2026-06-14,5,남치니랑 랜만에 데이트하는데 너무 맛있었어용!!🥹🐖 특히 저 시그니처 피자쌈? 있죠 진짜 무조건무조건 입니다!! 조화로움이 진짜 감동적이고 건강한데 맛있는 맛이에요😚 미식가 아닌 남치니두 맛있다고 인정 ㅎㅎ 된장리가토니?는 도전햇는데 처음엔 읭?이어도 먹을수록 중독돼서 결국 클리어~~ 담에 또 올게용🤩
2026-07-15,4,"점심에 이용했어요. 이태원점은 처음 왔지만 이태리국시집 좋아해요. 편하게 먹을 수 있어요- 다만, 음악 선곡은 다른 걸 추천해요……"
2026-07-04,5,들어가니 이런 뚝배기 같은 그릇에 담긴 파스타 먹는 사람들이 많길래 시켜봤어요 토마토 베이스에 칼칼한 소스가 자작하게 끓으면서 나와서 맛있었어요! 곱창 들어가있는데 칼칼한 맛이 느끼하지않게 해줘서 맛있게 잘 먹었습니다
2026-07-25,5,토요일 2-3시에 방문하니 웨이팅없이 바로 들어갈 수 있었어요 양많을까봐 걱정했는데 여자 두명이 먹기좋은 양이었어요! 숯불대창파스타 ㅜㅜㅜ 너무 맛있구요  반계마늘크림리조또는 제가 느끼한걸 잘 못먹는데 전혀 느끼하지않고 맛있었어요~! 다음엔 저녁에 다시 방문하고싶습니다!
2026-06-28,5,클루드 추천으로 갔는데 만족 해요. 대창 곱창 불고기 한국적인 재료를 사용했는데 처음 먹어보는 맛 들인데 좋았습니다. 외국인들이 더 많아서 놀랐네요.
2026-06-11,5,너무 맛있게 먹고갑니당~~💕 대창이 진짜 너무 토실토실했구~ 리조또도 너무 맛있엇어요😖😖 뚝배기?에 나와서 다 먹을때까지 따뜻하니 너무 좋앗습니당 ㅎㅎ 대신 처음에 너무 뜨거워서 긴장 좀 해야되요😅 다음에 또 올게용💕💕💕💅💅💅
2026-07-13,5,매장이 너무 예쁘게 잘 꾸며져있어요! 깨끗하고 직원분들도 친절하셔서 더 좋았습니다 음식도 메뉴가 다양해서 뭘 먹어야 할지 고민 할 정도로 다 맛있어 보여요ㅠ 호불호 잘 안갈리는 메뉴 들이라서 데이트하기 너무 좋았습니다❣️
2026-07-24,5,한식과 이탈리안의 색다른 조합이 대단하네요! 비주얼만큼 맛도 훌륭하고 분위기도 정말 좋아요. 한남동 데이트 코스로 강추합니다!
2026-06-21,5,"숯불대창파스타랑 청양오일파스타, 트러플뇨끼 쌈피자 먹고 왔습니다. 숯불대창파스타는 대창 특유의 고소한 맛과 숯불향이 생각보다 진하게 나서 좋았어요. 자칫 느끼할 수 있는데 파스타 소스가 잘 잡아줘서 끝까지 맛있게 먹었습니다. 청양오일파스타는 칼칼한 매운맛이 은근 중독적이네요. 오일파스타 특유의 느끼함은 적고 청양고추의 알싸한 맛이 계속 당겨서 술안주로도 좋을 것 같습니다. 메뉴들이 다 개성이 확실해서 다음에는 다른 메뉴도 먹어보고 싶네요. 분위기 좋고 음식도 만족스러웠습니다!"
2026-06-10,4,아이와 전시회 구경을 하고 방문했어요. 점심시간 인데도 대기 없이 입장했고 식당내부가 쾌적해서 더운여름에 너무 시원했어요. 독특한 메뉴들 덕분에 눈과 입이 즐거웠답니다^^ 특히 트러플 뇨끼♡♡♡진짜 너무 맛있었어요~ 일반 이태리음식이 질렸다면 꼭 한번 방문해서 드셔보시기를...
2026-05-25,4,대로 옆에 있어서 뷰도 좋고 내부가 따뜻한 느낌으로 시그니쳐 음식도 맛있고 특히 피자는 감추합니다. 채소 안 좋아하는 딸이 맛있다면서 많이 먹었어요. 곱창 파스타도 너무 맵지도 않고 느끼하지도 않고 잘하시더라고요.
2026-07-15,5,"친구들과 특별한 생일 모임으로 방문했는데, 분위기 죽여줘용💕 쌈피자랑 반계마늘리조또 특이하면서도 존맛탱구리🎉💕 사장님도 직원분들도 친절하셔서 담에도 방문예정임요💘💕"
2026-07-20,5,인테리어가 너무 예쁘고 분위기가 감성 가득해서 사진 찍기 정말 좋은 곳이에요! 조명이나 음악 덕분에 아늑한 느낌이 들어서 친구나 연인과 좋은 시간 보내고 왔습니다. 분위기만 좋은 게 아니라 주문한 음식도 비주얼만큼이나 맛이 훌륭했어요.
2026-06-06,5,색다른 퓨전 요리를 경험할 수 있어서 좋았어요! 처음에 곱창파스타1 대창파스타1 시키려다가 하나는 빨간거 하나는 하얀거 시키면 어울리겠다 싶어서 리조또를 시켰는데 최고의 선택이었습니다👍💛
2026-05-29,4,메뉴 하나하나 정말 오랜만에 디테일 느껴지는 음식이구나 할정도로 맛이 좋았구요 킥이 하나씩 있었어요 ㅎㅎ 샐러드도 감탄 떡볶이도 감탄 차돌파스타도 감탄감탄 하면서 접시 다비웠네요 :) 직원분도 안내 친절하시구요! 정말 번창하세용 !!!
2026-07-12,5,지나가다가 궁금해서 방문한 곳인데 넘 맛있어요 ㅎㅎ 한식적인 느낌이라 느끼하지도 않고 한국인들 입맛에 아주 딱 맞아요!! 이태원 맛집 추천🤍🤍
2026-07-19,5,한국 이탈리아 퓨전 요리로 색다른 메뉴가 있어 맛있게 먹었습니다! 음악도 잔잔히 좋은 팝송이 흘러나와서 좋았어요. 다음에 다른 메뉴도 먹으러올게요 😊
2026-07-05,4,"파스타,리조또 먹으러 왔어요. 생각 외로 한우대창파스타 아주 맛있어요. 숯불갈비,깍뚜기 파스타,청량몰골레 아주 맛있었어요. 탁월한 초이스였습니다"
2026-07-11,5,대창돌솥파스타가 시그니처라 시켰는데 얼큰하면서 곱창전골 맛도 나고 이색적이고 맛있어요! 전복파스타도 고소하고 전복향나서 맛있네요 잘먹고 갑니다 😆😙
2026-07-04,5,맛나다고해서 예약했는데 정말 맛있어요~~  뚝배기 곱창파스타 맛나고 피자 생각보다 맛있어서 놀랬어요 꼭 먹어보세요~추천~♡
2026-07-17,4,"처음 방문했는데 기대 이상이었어요! 음식이 나오자마자 비주얼도 너무 좋았고 맛도 정말 만족스러웠습니다. 특히 돌솥이라 끝까지 따뜻하게 먹을 수 있어서 좋았고, 퓨전 메뉴인데도 재료 조화가 잘 어울려 색다른 매력이 있었어요."
2026-06-03,4,맛집이라해서 와봤는데 맛있네요 ~ 대창파스타 맛이 매콤하고 간이 좀 있어서 반계리조또는 간이 세지않아서 둘이 잘맞았어요 ! 나중엔 전복내장리조또등 다른것도 먹으러 오고싶어요 ~ 또 올게요 😌
2026-07-13,5,회사 점심시간에 잠깐나와서 먹는데 가볍고 너무 맛있어요!! 메뉴 하나하나 다 정성이 들어있는것 같아서 좋아요
2026-07-25,5,음식이 다양하고 양도 많고 맛있습니다. 먹고싶은 메뉴가 많아서 계속 찾아올 거슈같습니다 특히 갑오징어 빠에야가 매콤한 양념이라 완전 제 취향입니다
2026-07-10,4,퓨전이라 궁금했는데 매력이 넘칩니다 필수로 방문해야되는 식당입니다 인테리어 너무 이쁘고 인스타 사진 찍기도 너무 분위기좋네요 데이트코스 강력추천
2026-07-02,5,음식이 맛있어요!! 쌈피자도 신박하고 파스타도 새로워서 좋았어요ㅠㅠ 내부가 추울만큼 에어컨이 빵빵해서 담요 요청했는데 담요도 주시고 서비스도 좋아요!!! 추천합니당
2026-06-27,5,입구부터 분위기 좋았습니다. 음식 하나하나 맛있었고 모임 장소로도 좋을 것 같습니다. 특히 대창돌솥파스타랑 참나물 페스토들어간 파스타 같이먹음 정말 조화로와요~
2026-07-15,5,친구 생일파티 자리로 5명 예약 후 방문했는데 매장 분위기가 넘 좋네요!! 청첩장 모임으로도 좋을거 같아요ㅎㅎ 일단 특이한 메뉴들이 많았는데 전반적으로 아주 훌륭했고 사실 별로 기대하지 않았전 쌈피자?? 진짜 추천합니다...너무 맛있었어요😆😆😆
2026-07-05,5,"알배추 갈비 샐러드, 청양 차돌 오일 파스타, 불고기 쌈피자 시켜서 먹었는데 셋 다 너무 맛있었어요! 직원분들도 친절하시고, 분위기도 좋아서 데이트 장소로 추천합니다!"
2026-07-21,4,인테리어도 이쁘고 주문도 태깅해서 할수있어서 편했어요 메뉴도 다양하고 맛있었어요~!
2026-05-06,5,"이태원 맛집을 찾다가 방문한 이태리국시, 정말 이색적이고 만족스러운 한 끼였습니다! 대표 메뉴인 곱창 파스타는 고소한 곱창과 매콤한 소스의 조화가 일품이었어요. 곱이 꽉 차 있어서 씹을수록 풍미가 느껴지더라고요. 반계닭 리조또는 부드러운 닭고기 반 마리가 통째로 올라가 있어 든든하고 보양식 같은 느낌이었습니다. 리조또의 부드러움과 닭고기의 담백함이 아주 잘 어울립니다. 사이드로 시킨 감자튀김도 바삭해서 입가심으로 딱이었네요. 한식과 양식의 절묘한 퓨전을 경험하고 싶은 분들께 강력 추천합니다. 분위기도 좋아서 데이트나 모임 장소로도 제격이에요!"
2026-07-25,5,이 곳에 처음 들어오던 때가 생각납니다. 마치 저는 이 곳에 와본 적이 있었던 것 같은 묘한 끌림을 느꼈습니다. 뉴턴이 끌림을 보고 처음으로 보편중력에 대해 깨달았던 것처럼 저 또한 깨달았습니다. 나는 이 곳을 사진으로 와보았다는 것을. 맞습니다. 전 이 곳을 지인을 통해 사진으로 봤습니다. 내가 아닌 내 지인이 왔던 곳임에도 내가 아는 곳이라고 인지하니 이 공간이 마치 제 집 안방인양 온 몸에 긴장이 풀리고 어머니의 품에 안긴 것 같았습니다. 저를 맞이하는 직원 분들의 친절한 인사도 마치 명절 큰집에서 절 맞이하는 친척들만 같았습니다. 그렇습니다. 저의 큰 집은 맛의 고향 전주입니다. 주방장님도 마치 해외에서 수련을 마치고 전라도에서 가르침을 이어받은 이태리 장인처럼 면의 익힘정도와 간의 세...(더보기)
2026-06-26,5,금요일 점심에왔는데 2시 20분이 라스트오더인것같아요. 직원분들 친절하고 새로운음식이많아서 재밌어요. 길가라서 찾기도 쉬워요. 그리고 맛있어요!
2026-06-25,4,한남동 맛집 찾다가 들어갔는데 매장도 예쁘고 엄청 친절하셔서 기억에 남아요. 연인이랑 같이 가기 딱 좋은 분위기입니다. 시킨 메뉴들 다 성공적이라 다른 메뉴들도 궁금해지네요ㅠㅠ 마지막까지 따뜻하고 맛있게 먹었어요. 재방문 의사 있습니다!
2026-06-25,5,"분위기도 맛도 완벽했던 곳! 이태리국시 한남점 드디어 다녀왔는데, 기대 이상으로 너무 좋았어요! 우선 매장 인테리어나 분위기가 세련되고 아늑해서 데이트하거나 모임 하기 딱 좋은 느낌입니다. 주문한 메뉴들도 하나같이 플레이팅부터 예쁘고, 양식과 한식의 조합이 신선하면서도 정말 맛있었어요. 직원분들도 친절하셔서 식사하는 내내 기분이 좋았습니다. 한남동 올 때마다 생각날 것 같아요."
2026-07-08,5,양도 많고 색다르니 너무 맛있네요!!! 느끼하지도 않고 고소하니 완전 퓨전~~ 분위기도 너무 좋고 평일 저녁 워크인햇는데 웨이팅없이 들어왔어요~ 플레이팅도 너무 예뻐요 재방문예정입니다!!
2026-07-03,5,정말 너무 맛있어요 특히 대창 파스타는 너무 맛있어요 샐러드 리조또 정말 너무 환상이였습니다! 다음에 또 와서 먹을래요~
2026-07-02,5,갑오징어빠에야랑 곱창파스타 시켰는데 둘다너무맛있었어요! 파스타는 면익기가 적당하고 소스가 너무맛있었고 빠에야는 처음 먹어보는맛인데 갑오징어가너무부드럽고 전체적인 조화가 너무 좋았어요!!  맛있는 식사해서 기분이 좋네요😊
2026-06-30,5,양식이 먹고 싶어서 검색을 하다가  처음 보는 메뉴 조합이 많아서 방문했어요. 이탈리안과 한식의 조화가 잘 어울렸어요. 매장 분위기가 좋아서 데이트할 때 방문하면 좋을 거 같아요:)
2026-07-22,5,된장볼로네제리가토니랑 숯불갈비깍두기돌솥리조또 먹었어요 ㅎㅎ 된장을 리가토니에 잘 조합해서 외국인 분들이 된장을 입문하기에 좋을 것 같았고 리조또는 누구한테나 잘 맞을 것 같은 맛이라 좋았어요 ㅎㅎ
2026-07-17,5,너무 맛있습니다 ( ღ’ᴗ‘ღ ) 양도 적지않고 좋았습니다 !! 알배추 갈비 강추 !!
2026-07-23,5,메뉴들이 특별해요. 양식이지만 완전 퓨전이라 느끼하지 않게 먹을 수 있어요.
2026-07-14,5,친구와 청모하려고 방문했습니다! 고르기 힘들정도로 메뉴가 다 맛있어보였어요! 음식 맛은 말할것도 없이 완벽하고 매장이 깔끔해서 좋았습니다! 다음에 또 올게요!!
2026-07-04,5,음식이 기대했던 것 보다 진짜 훨씬 맛있어요..!!! 오일 파스타도 너무 느끼하지 않고 장아찌랑 잘어울리고 피자가 진짜 생각보다 너무 맛있었어요🤍
2026-07-04,5,"우와….대창파스타 너무 맛있어요 양식이라기보단 한식 쪽에 더가까운데 한국인들 입맛 저격할맛,, 여기만 있는메뉴도 있어서 이태원오면 다시 올것같아요"
2026-07-04,5,지나가다 들렸는데 너무맛집이에요! 대전에서부터 꾸준히 봤는데 서울와서 들리네요 너무 맛있고 피자는 소개팅에 먹으면 안될거같지만 맛있어요ㅎㅎ 강추함미당 대창존맛!!
2026-07-19,4,음식이 자극적이지않아 질리거나느끼하지 않아요. 음식도빨리나오는편이라 바로먹엇어요. 먹고잇다보니 웨이팅이 금방 생기더라구요 시간대 잘 맞춰가야기다림없이 식사가능할듯해요
2026-05-13,5,회사끝나고 직장동료랑 방문한 식당이에요! 예전부터 오고싶어서 네이버지도에 저장해뒀었는데 역시나!!! 너무너무 맛있어서 다음에 또 올 것 같아요ㅎㅎ 남자친구랑 데이트 하기에도 딱인듯~ 잘 먹고갑니다 ㅎㅎ
2026-07-03,4,트러플감튀 트러플풍미 짱입니다. 분위기도 좋고 데이트 장소로도 좋을것같아요! 퓨전이라 특이한 파스타인데 너무 궁합 좋네요!!! 이태원오면 또올듯?
2026-05-21,5,매장 분위기도 깔끔하고 인테리어가 예뻐서 데이트하거나 모임하기 딱 좋네요. 직원분들도 친절하시고 음동도 정갈하게 잘 나옵니다. 이색적이면서도 익숙한 맛이라 누구나 좋아할 만한 곳이에요. 강추합니다!
2026-07-17,5,직원분들 친절하시고 음식도 맛있습니다!! 특히 알배추샐러드 꼭 드시는거 추천해요👍
2026-06-28,5,가족들이랑 리움미술관 방문하고 점심으로 먹으러왔어요… 여기 불고기쌈피자 이거 진짜 대박이에요..🥹 너무 맛있고 퓨전음식 제대로 먹은 것 같습니당👍
2026-07-21,5,너무 맛있게 먹었어요! 가게가 시원하고 깔끔해서 좋고 음식도 맛있어요 또 방문할게용
2026-07-19,4,찐맛집이에요 메뉴도 특별하고 맛도 매우 훌룡합니다 반계마늘은 한국인들 입맛에 맞춰서 잘 만든것 같아요
2026-07-18,5,시그니처 메뉴답게 깔끔하게 맛있어요. 데이트하러 오기도 좋고 모임 하기도 좋은 거 같습니다. 대창 파스타 꼭 드셔보세요👍🏻
2026-06-21,5,가족끼리 한남동 놀러와서 방문했어요! 이태리음식인데 한식이랑 퓨전된 느낌이라 메뉴가 다 독특해서 시키는 재미가 있더라구요 ㅎㅎ 특히 트러플 뇨끼는 트러플향이 엄청 진해서 좋았습니다 🤍
2026-06-10,5,한식과 앙식의 조합이 생각보다 맛있어요 쌈을 연상케 하는 피자도 시그니처답게맛있었구요 청양고추불고기 파스타도 숟가락으로 떠먹을수있게 만들어서 먹는방식은 덮밥인데 맛은 양식인 ㅎㅎ 이런곳인지모르고 들어왔다가 맛보고 놀래고갑니다. 이런센스있고 기발한 요리를 맛보시기에 후회없을듯합니다. 외국인친구데려오멸 좋아할듯!!
2026-06-20,5,음식이 일단 너무 맛있어요! 재료가 신선하고 식재료 맛도 느껴지고 이태원 빠에야 그리워서 찾다가 온집인데 너무 만족했어요! 파스타도 면 익힘 정도가 알맞고 이태원에 오게 되면 또 방문하고싶을정도로 만족했습니다 😍
2026-05-17,5,"리움미술관에서 전시보고 저녁 고민하다가 왔는데 후회없는 선택이었어요! 직원분들 너무 친절하시고, 메뉴도 특이하지만 맛있는 메뉴들이 많아서 처음부터 끝까지 기분이 너무너므 좋았습니다 ♥ 한남동 오면 메뉴 고민 많은데 오늘은 성공적인 저녁이라 넘 신나요!! 특히 알배추 꼭 드세요!!!!"
2026-07-01,5,양도 많고 숯불 대창이 진짜 너무 맛있어요 특별한 날 오기 좋을 것 같고 부라타치즈도 너무 맛있습니당 친구랑 같이 너무 잘 먹구 갑니당 음악도 너무 좋습니다 다음에 또 올게요~~
2026-07-02,5,시그니처 메뉴 파스타가 너무 맛있어요~!!! 피자도 알맞게 잘려있어 먹기 편했고 양식과 한식 조합이 너무 좋네요!!! 담에도 또 오고싶어요 ㅠㅠ
2026-07-08,5,"특별한날 오기 좋아요. 가능하면 창가석 예약해서 오면 더 분위기있게 즐길 것 같아요. 저는 사진에 넣은 전복내장돌김파스가 이마때리는 맛이라 생각하긴하는데, 그래도 시그니처인 숯불대창파스타랑 같이 드세요  :)"
2026-07-18,5,음식도 맛있고 인테리어도 차분하니 이뻐요ㅎㅎ 데이트 장소나 친구들과 오기 좋을 것 같아요! 재방문의사 있습니다:)
2026-06-23,5,양식도 먹고싶고 얼큰한 것도 먹고싶으면 무조건 여기 ㄱ 데이트 장소로도 적합하고 아저씨 입맛에도 딱이고 여자친구도 너무 맷있게 먹은.. 완벽한 집입니다 가격도 맘에들어요..
2026-06-25,5,메뉴가 신기한게 많고 가성비로 엄청 좋아요! 요즘 다닌 양식점중에서 가장 마음에 든곳이었어요ㅎㅎ 분위기가 진짜 좋아서 데이트코스로 오기 좋을것같아요 특히 리조또 양 엄청 많아요! 좋아하시면 오는거 강추드립니다
2026-07-17,5,메뉴 모두 비쥬얼도 좋고 맛있어요🫧🤍🤍 처음 먹어보는 맛이라 색달라서 좋았어요!
2026-07-10,5,재방문이에요! 맛있게 먹었습니당 느끼하지 않은 양식 찾으면 깍두기 리조또로 꼭 먹어보세요 !!
2026-06-28,5,대창 파스타 너무 맛있어요… 한국인들이 좋아할수밖에 없는 맛이에요! 제로콜라가격은 너무 사악해요. 그래도 맛있게 먹었어요
2026-05-29,5,"오랜만에 맛있는 파스타를 먹은 것 같네요. 먹기전에는 가격이 비싼감이 있다고 생각했는데, 먹고나서는 가성비 좋다는 생각이 들었네요ㅎㅎ 부라타&라구 떡볶이는 강추입니다! 이런말 하는게 웃기지만 익힘정도와 조화로운 라구파스타(?)인거 같아요! 재방문 각!"
2026-06-27,5,시그니처 메뉴 먹고싶어서 시켰어요! 치킨 진짜 맛있고 음식도 빨리 나와서 너무 좋았습니다😄 배고팠는데 마ㅛ있게 잘 먹고 가요!
2026-07-11,5,"분위기도 너무 좋고 음식도 정말 맛있게 먹었습니다! 특히 돌솥파스타가 끝까지 따뜻해서 인상적이었고, 재료도 신선해서 만족스러웠어요. 직원분들도 친절하게 응대해 주셔서 기분 좋게 식사했습니다. 한남동에서 데이트나 모임 장소로 추천하고 싶은 곳입니다. 다음에도 또 방문할게요!"
2026-07-17,5,한남동맛집이라고 해서 왔어요!! 한우곱창 파스타랑 청양크림 파스타 너무 추천해여! 다음에 오면 다른 메뉴도 먹어볼거같아요! 강추입니다~~
2026-06-26,5,맛나네요! 대창파스타 끝내줘요! 밥말아먹으면 진짜 맛있을거같은 든든한 맛... 트러플뇨끼도  감자가 말랑하고 부드러웠어요~ 되게 쌀떡같은 식감...
2026-07-09,5,"비오는 날, 공영주자장 근처에 있어서 왔어요! 새로운 양식 메뉴들이 많아요~!"
2026-07-23,5,주문한 메뉴 모두 너무 맛있었어요. 창가 뷰도 좋고 인테리어도 편안하고 세련되서 기분좋게 친구와 식사했습니다. 메뉴가 또 생각날것같아 조만간 또 올 예정입니다.
2026-06-26,5,음식이 일단 너무 맛있어요!! 그리고 분위기도 좋아서 친구들과 오기도 좋고 연인과 오기도 좋은 거 같습니다~ 대창도 엄청 통통하니 맛있습니다!! 직원분들도 다 친절하세요☺️
2026-07-25,5,맛있어요 분위기가 좋아요 생일 파티 장소로 방문햇어요
2026-07-17,5,"음식들이 양도 푸짐하고 다 맛있었어요~ 무엇보다 사장님, 직원분들이 친절하셔서 기분 좋게 다녀왔습니다 :)"
2026-07-25,5,브레이크타임 없이 먹을 수 있어서 좋아요 샐러드도 파스타도 리조또도 다 맛있어요!!
2026-06-27,5,"분위기가 정말 좋아서 데이트나 기념일에 방문하기 딱 좋은 곳이었어요. 음식도 하나하나 정성이 느껴졌고, 플레이팅도 예뻐서 사진 찍기에도 좋았습니다."
2026-07-20,5,분위기가 너무좋아서 친구들이랑 단체 모임하기 너무 좋아요. 다시 또 올 거 같애요. 굿 굿.😍😍
2026-07-02,4,대표 메뉴인 한우대창 파스타도 맛있고 숯불갈비 깍두기 돌솥밥도 갈비가 아주 부드러워요. 뇨끼도 트러플 향이 아주 좋아요! 메장 분위기도 아주 좋아요 친목나들이나 데이트하기에 아주 좋을거같아요 !
2026-07-24,4,다른곳에서 먹어보지 못한 특별한 퓨전 요리가 인상적이었어요!! 데이트 장소로도 추천합니다~🙂
2026-06-29,4,한남동 맛집 검색하구 들어왔는데 너무 너무 친절하시고 음식도 너무 맛있어요!! 남자친구랑 데이트 하러와서 추억 쌓구 갑니다 자주 올거같아여🫶🏻
2026-07-13,5,너무 맛있어요! 매장도 깔끔하고 친절하시고 좋습니다ㅎㅎ 시그니처로 꼭 드세요!!
2026-07-08,5,처음 방문했는데 음식도 너무 맛있고 직원분들도 친절하세요! 앞으로 자주 올 것 같아요:)
2026-07-12,5,한식과 파스타의 조합이 정말 신선했어요! 😊 맛도 분위기도 좋아서 다음에 또 방문하고 싶습니다.
2026-07-19,5,"된장파스타, 불고기쌈피자 먹었습니다:) 분위기가 좋아서 편하게 식사했습니다! 무엇보다 음식이 전부 맛있고 신선해서 좋았습니다ㅎㅎ 다음에 한남에 오게 되면 또 방문하고 싶어요"
2026-05-18,4,분위기가 좋고 인테리어가 예뻐요!! 데이트 온다면 너무 좋을 장소!! 한남동에서 쇼핑하고  지난번에 와서 좋았던 기억이 있어서 또 방문하게 된곳이에요!! 음식도 맛있어서 기분좋은 식사 하고 갈수있었어요!!
2026-06-18,5,분위기도 좋고 음식이 전체적으로 깔끔하고 맛있었어요. 특히 파스타가 독특하면서도 맛의 밸런스가 좋았습니다. 직원분들도 친절해서 기분 좋게 식사하고 왔어요. 한남동에서 데이트나 모임 장소로 추천합니다!💖
2026-07-03,5,"기념일이나 약속 있을 때 자주 오는데, 올때 마다 정말 만족하고 갑니다ㅎㅎ 숯불대창 파스타는 생소했는데 먹어보니까 정말 맛있네요. 그리고 트러플치즈 뇨끼는 올 때마다 시키는데 진짜 실패없는 맛입니다ㅎ 한남동 양식당 찾으시면 꼭 와보세여"
2026-07-10,5,음식도 너무 맛있고 분위기도 좋아요!! 양식인데 느끼하지 않아서 맛있게 잘 먹었어요~~
2026-06-26,5,한식느낌 나는 파스타와 리조또 살짝 칼칼하면서 느끼하지않고 맛있어요 호불호 없이 데이트하기 좋고 분위기 음악 좋슴다~!
2026-06-18,5,청양차돌오일파스타 적당히 매콤하니 맛있어요❤️ 이태리국시 오면 수정과하이볼 꼭마셔야되요! 분위기도 좋고 맛도있고👍 잘먹구갑니다😘
2026-07-09,4,다른 곳에서는 맛 볼 수 없는 특별한 메뉴가 가득해서 좋았어요! 싹싹 긁어 먹었어요🥹 재방문 의사 가득합니다~
2026-06-09,4,친구랑 뮤지컬보러왔다가 찾은 식당. 제목이 마음에 들어 방문. 일반 피자는 도우가 두꺼워 둘이 먹기도 부담스러운데 쌈피자는 도우가 얇고 야채많은데 고기도 있어서 맛있게 먹었다. 청양갈비라구는 아~주 한국적인맛. 부들부들한 고퀄의 고기로한 장조림같은 맛. 아이들이 먹어도 좋아할맛. 청양고추가 적당히 매콤해 깔끔했다. 전반적으로 맛있게 먹었다. 가성비도 좋음~ 재방문 의사 있음~^^
2026-07-12,5,메뉴가 참신하고 맛있었습니다! 왜 인기가 많은지 알거 같아요 ㅎㅎ 담에 또 올게요~!
2026-07-25,5,음식은 허겁지겁 먹느라 예쁜 사진을 못 찍었네요ㅎ 우연히 지나가다가 들른 집이라 큰 기대안하고 왔는데 너무 만족해서 리뷰남깁니다. 아이데리고 오기도 좋고 연인간에 오기에도 좋고 친절하고 맛있네요.
2026-05-21,5,캬치테이블로 예약하고 방문했어요 바로 입장해서 아주 편했습니다 일단 저 1번째 요리 진짜 맛도리 환상입니다. 배추며 고기며 뭐 하나 부족한게 하나없어요 ㅠㅠ 맛있어요 감자튀김도 바삭하니 아주 감칠맛이 좋아요 다음에 또 방문할거에요!!
2026-06-19,4,치즈가 듬뿍 올라간 부드러운 리조또에 촉촉하게 구워진 닭다리가 통째로 올라가 있어 비주얼부터 압도적이었어요. 짭조름하면서도 고소한 맛이 정말 잘 어울렸습니다.
2026-05-05,5,"일단 매장 들어가면 전체적으로 깔끔하고 조용한 분위기라 대화하기 좋았고, 데이트나 가볍게 모임하기에도 잘 어울리는 느낌이었어요. 파스타는 전반적으로 맛이 과하지 않고 밸런스가 잘 잡혀 있는 스타일. 재료 본연의 맛을 살린 느낌이라 부담 없이 먹기 좋았고, 소스도 꾸덕하거나 무겁지 않아서 끝까지 깔끔하게 먹을 수 있었어요. 양도 적당해서 식사로 부족하다는 느낌은 없었고, 전체적으로 “무난하게 잘하는 집”이라는 인상이었습니다. - 한남동에서 조용하게 식사하고 싶은 분 - 자극적이지 않은 파스타 좋아하는 분 - 데이트 장소 찾는 분"
2026-06-13,5,완전 한식조아 커플이라 양식은 자주 안 먹게 되는데 여기는 퓨전 느낌으로 부담 없이 잘 먹었어요! 인테리어도 깔끔해서 데이트 하기 좋네용 담에 또 올게요😃
2026-05-16,5,친구 추천으로 방문하게 됐는데 들어가자마자 분위기인테리어도 보기가 좋았어요! 편안한 느낌주면서 매장이 전체적으로 깔끔해서 좋았어요!직원분들도 정말 친절하시고 맛 서비스 등이 다 만족해요~! 웨이팅은 5분정도 후에 바로 들어갈수있고 바로 세팅해주셔서 좋았어요! 정말 깔금해서 다음에 또 오고싶네요!!ㅎㅎ 그리고 음식이며 음료수가 정말 맛있었어요!
2026-05-24,5,우아 파스타가 너무 맛있었어서 깜짝 놀랐어요~ 대창파스타 처음 먹어 보는데 존맛탱이네요ㅎㅎ 전복리조또랑차돌파스타도 다 만족스러워요~ 나들이 나왔는데 모두 처음먹어보는 파스타라 재미있고 맛나게 먹어 기분 좋으네요^^ 매장도 넓고 분위기 좋아요👍👍
2026-07-21,5,전복 리조또 진짜 맛있고 조합이 조아요 !! 한남 메인거리에 있어서 좋네요 ~
2026-06-06,5,검색하다가 맛있어 보여서 방문했는데 너무 맛있엇어요!!ㅎㅎㅎ 특히 시그니처 메뉴인 대창돌솥파스타가 정말 특색있고 맛있더라구요~~💗!! 직원들도 친절하고 인테리어도 갬성 가득이라 기분 좋게 시간 보낼 수 있는 곳을 찾는디면 강추입니다🙆‍♀️
2026-07-22,4,맛있고 매장 테이블 간격도 넓어서 쾌적해요. 직원분들도 다 친절하시고 음식도 맛있네요 ! 대창돌솥파스타 꼭 드셔보세요 !
2026-07-01,5,처음 접하는 스타일의 음식인데 너무 맛있네요. 모두들 맛있게 먹고 갑니다.
2026-07-17,5,점심시간 지나서 오니까 대기도 없었고 좌석도 쾌적해서 좋았습니다! 건물도 깔끔해서 좋아요 ㅎㅎ 잘 먹고 갑니다😋😋
2026-05-11,5,메뉴가 특이하고 맛있어보여서 방문했는데 진짜 맛도 좋고 다른 곳에서 쉽게 맛 볼 수 없는 음식들이어서 더 좋았어요~! 다음에는 다른 메뉴 먹으러 다시 올게요!! 요즘 날도 좋아서 창문 열어놓으니까 뷰도 좋아요~!
2026-06-27,5,처음 방문했는데 처음보는 메뉴가 많고 색다른 맛이었어요 매장도 넓고 직원분들도 너무 친절해서 좋은 식사였습니다 다음에 또 방문할게요
2026-07-25,4,전체적으로 음식이 깔끔하고 맛있어요 분위기도 너무 좋아요
2026-06-26,5,대창파스타가 너무 궁금해서 왔는데 파스타 두 종류 모두 너무 맛있고 양도 많아요😊😊😋 대창 파스타는 빨갛길래 엄청 매울 줄 알았는데 생각보다 안 맵고 감칠맛이 나서 되게 맛있게 먹었습니다!
2026-06-27,5,음식이 너무 맛잇어요!! 곱창파스타는 친구 추천으로 먹어봤는데 매콤하니 맛잇엇고 알배추갈비는 달달하고 아삭해서 조합이 너무 좋앗어요😀
2026-05-23,5,예약 없이 오면 웨이팅 할 확률이 높으니 예약하고 오시는 걸 추천합니다- 제가 방문했을 때도 앞에 웨이팅하시고 기다리는 분들이 있었어요 한우곱창돌솥파스타가 제일 맛있었어요! 파스타 중에 고민된다면 곱창으로..✨
2026-07-25,5,메뉴들이 맛있었어요 아이도 잘먹었어요 ~
2026-07-05,4,일단 음악이 좋고 분위기가 좋고 음식도 깔끔하고 맛있어요!^^ 지난번 아들과 여행왔다가 와보고 너무 좋아서 이번에 딸과 신랑과 함께 다시 방문했습니다!!!^^
2026-07-01,5,🍜 국물이 진하고 면발이 쫄깃해서 정말 맛있게 먹었습니다. 재방문 의사 있어요!
2026-06-16,5,음식이 너무 맛있고 분위기가 넘 좋아요~ 소개팅하기에도 좋을 것 같아요^^ 직원 분들도 친절해서 다음에 한남동에 오면 재방문의사 100%입니다!! 다른 메뉴도 궁금해요 ㅎㅎ
2026-07-24,5,메뉴 시킨거 다 맛있어요! 잘 먹고 갑니다
2026-07-19,5,친구와 같이 방문했는데 매장 분위기도 너무 좋고 이색적인 메뉴가 많아서 골라먹는 재미가 있는 것 같아요~! 다 맛있었지만 트러플 뇨끼는 꼭 먹어야할 것 같아요☺️ 돌솥에 나와서 다 먹을때까지 따뜻하게 먹을 수 있어서 너무 좋았어요!
2026-07-11,5,생일이라 친구가 추천해서 왔는데 맘에 들어요 음식도 너무 맛있고 특별햤어요 감사해요:)
2026-07-04,5,한우곱창파스타 곱창 좋아해서 먹었는데 만족합니다. 매콤하고 맛있어요. 알배추도 추천합니다.
2026-05-09,5,"파스타랑 국수의 중간 어디쯤 감성 맛집🍝 이름부터 궁금해서 갔는데 분위기, 맛, 플레이팅까지 다 만족했어요. 면 식감이 진짜 좋고 소스도 과하지 않아서 끝까지 맛있게 먹었습니다. 직원분들도 친절하시고 매장 분위기가 좋아서 데이트나 소개팅 장소로도 추천👍 다음엔 다른 메뉴 먹으러 재방문 예정입니다!"
2026-06-09,4,블루스퀘어 뮤지컬보러왔다가 근처   퓨전 맛집 찾아왔는데   특히 피자가 맛이 있었고 청양고추 불고기파스타도  맛있네요.잘먹고갑니다.
2026-07-22,5,퓨전양식 집 같은데 완전 맛있었어요 ! 다음에 다른 메뉴 먹어야지 ! 또 올게요 !
2026-07-18,5,음식이 다채롭고 맛있습니다
2026-06-17,4,양이 많진 않지만 음식 하나하나다 맛있었습니다 한식 양식의 콜라보랄까? ㅎㅎ 전 재방문 의사 있습니다
2026-07-24,5,너무 맛있었어요 뇨끼랑 빠에야 먹었어여 메뉴도 금방나오고 >.< 너무 잘먹고 갑니당
2026-07-03,4,"너무 너무 많이 맛있었어요. 퓨전 음식이어가지고 기대했는데, 기대한 만큼 맛있었어요.!!! 다음에 재방문 할 것 같아요!!"
2026-07-03,5,맛있어요~ 마늘반계리조또 꼬소하니 맛있네요 원래도 파스타보다 리조또좋아하는편이라 맛있게잘먹었어요 또올게요^^
2026-07-25,4,음식이 정말 맛있고 전체적으로 만족스러운 식사였습니다. 재료도 신선한 느낌이었고 직원분들도 친절해서 기분 좋게 식사할 수 있었어요. 매장도 깔끔하고 분위기가 좋아서 다음에도 또 방문하고 싶은 곳입니다. 맛있게 잘 먹었습니다!
2026-07-02,5,메뉴가 신박해보여서 방문했는데 너무 맛있았아요! 곱창파스타 꼭 드세요 특히 공영주차장 바로 옆이라 엄청 좋아요
2026-07-03,5,분위기도 너무 좋고 친절하세요! 한식과 양식의 조화 최고입니당 ㅎㅎ 대창 파스타 강추에요~~!
2026-06-24,5,올 때마다 기분 좋아지는 곳이에요! 이태원 오면 꼭 들리는 것 같아요☺️ 맛있고 신선한 메뉴들이 많고 메뉴가 색달라요
2026-07-07,4,"화요일 저녁이라서 많이 붐비지도 않았고, 음식도 음악도 분위기도 좋았어요. 데이트 하기에 좋을 것 같아요! 갈비배추샐러드, 곱창돌솥파스타 강추입니다👍"
2026-07-19,5,너무너무 맛있어요!! 마늘 리조또 완전 강추••입니다
2026-06-28,5,퓨전 파스타…미쳤습니다.. 대창은 꼭 드샤주세요… 매콤하니 살짝 오일리한게 들어갈때 입에서 파티 열려용… 뇨끼도 진짜 맛나요.. 치즈맛 낭낭❣️
2026-07-06,5,"불고기쌈피자 진짜 진짜 맛있어요....!달콤하고 고소하고 야채 많고:) 매장 분위기도 좋아서 데이트, 소개팅으로 좋을 거 같아요"
2026-07-06,5,이색적인 양식집인거 같아요! 색깔은 조합이지만 음식 궁합이 좋고 분위기도 좋아서 데이트로 오기 딱 좋습니다♥️♥️
2026-05-27,5,이태원에 오랜만에와서 찾다가 바로 들어왔어요. 대기없이 들어왔지만 예약석이 많이 있었어요. 음식은 빠르게 나왔고 대창파스타 먹었는데 너무 맛있어요. 분위기도 좋고 또 방문할래요!
2026-05-30,5,"청양갈비파스타는 살짝 매콤한 풍미 덕분에 느끼하지 않게 즐길 수 있었고, 뇨끼는 부드럽고 쫀득한 식감이 정말 맛있었습니다. 전체적으로 부담 없이 즐길 수 있는 메뉴들이라 가게 분위기와 잘 어울리는 것 같아요 가볍게 데이트하거나 친구와 조용히 시간을 보내기에 잘 어울리는 곳입니다💕"
2026-05-30,5,"한남동 이태리 국시에 들러서 여유롭게 식사를 했다. 잔잔한 분위기에 테이블 간 간격도 적당해서 대화 나누기 좋았고, 전체적으로 편안한 느낌이 인상적이었다. 청양갈비파스타는 은은하게 매콤한 맛이 돌아서 부담 없이 즐기기 좋았고, 뇨끼는 쫀득한 식감에 고소한 소스가 잘 어울렸다. 과하게 자극적이지 않아서 분위기랑 잘 맞는 식사였다. 조용히 이야기 나누면서 식사하기 좋은 곳이라, 한남동에서 여유를 느끼고 싶을 때 다시 생각날 것 같다."
2026-07-05,5,"정말 맛있고 친절해료!! 파스타도 특이해서 시켰는데 계속 생각날 꺼 같은 맛이에요!!! 완전 친목, 데이트에 강투 🐵🐵"
2026-05-22,4,오랜만에 왔는데 여전히 맛있었어요! 오늘은 안먹어본 빠에야를 새로 도전해봤는데 기대보다 맛있어서 다음에 또 먹고싶네요 :-) 음식 나오는게 좀 오래걸리는 편이라 너무 촉박하지않게 여유있을때 오면 좋을거같아요!
2026-07-21,5,한남 놀러와서 밥먹으러 왔어요~! 빗길에 아무곳이나 들어온건데도 메뉴 너무 성공적 ㅠㅠㅠㅠㅠ 전복파스타 전복이 반일정도로 양이많고 녹진하니 정말 맛있어요 샐러드도 자몽이랑 토마토 조합이 너무 좋네요 안남기고 맛있게 둘이 다먹었었습니당 다음에도 방문할게요~!
2026-06-10,5,전부터 눈여겨보다가 예약하고 방문했는데 맛있게 잘 먹었어요! 갈비찜 버터파스타는 버터향도 많이나는데 느끼하지않고 맛있고 리조또는 마늘향이 진하고 계속 손이가는 맛이예요☺️❤️
2026-04-26,5,"2층에 위치하고 있고 창가자리에서 맛있는 음식을 먹을 수 있어서 좋았어요!! 사람이 몰리는 시간대라 음식시간이 조금 늦게 나오긴했는데 그래도 음식 맛이 정말 맛있었습니다! 함우곱창돌솥파스타, 부라타라구떡볶이, 반계마늘돌솥리조토 3개 베스트에요!"
2026-06-25,4,시킨 음식은 다 맛있는데 조금 시간이 걸려요! 평일 저녁시간에 오니 테이블에 반이상이 다 차있더라구요~ 인테리어도 깔끔하고 모임(4명)테이블 있어요 참고하셔요 ㅎㅎ 그리고 탭해서 주문하는 방식이 독특했어요 !
2026-06-09,5,너무 맛있어서 싹싹 긁어먹었고 일단 위가 안좋아서 소화가 잘 안되는데 속이 편해서 너무 좋았어요🖤 오랜만에 남친이랑 데이트 나왔는데 좋네요
2026-07-22,5,음식이 정말 맛있고 재료도 신선해서 만족스러웠어요! 직원분들도 친절하시고 분위기도 좋아 편하게 식사했습니다. 다음에도 꼭 다시 방문하고 싶은 맛집입니다. 😊
2026-07-22,5,개인적으로 봉골레 너무맛있었요~!! 분위기도 차분하고 도로변에 위치에있어 찾기도 쉽고 유명한 이유가있었네요^^ 맛있게 잘먹었습니다!!
2026-06-28,5,한남 맛집 찾다가 예약없이 오게됐는데 거의 바로 입장했고 직원들도 친절하시고 음식이 너무 맛있어요! 대창파스타 느끼하지않고 리조또도 고소하고 깔끔했어요 다음에 또 방문해서 다른 메뉴들도 먹어보고싶어요ㅎㅎ
2026-06-28,5,파스타가 먹고싶어서 들렀는데 다 맛있어보여서 고르기힘들었어요. 여러번 자주 오고싶을 정도로 맛있네요🤍
2026-06-28,5,리뷰이벤트해서 작성했는데 진짜 맛있는 곳이네요 곱창이 진짜 맛있어요
2026-06-10,5,진짜 아무생각없이 급하게 찾아서 들어왔는데 너무너무 맛있었어요.. 가게도 너무 쾌적하고 친절하셔서 기분좋게 식사하고 갑니다!
2026-05-03,5,쌈피자랑 파스타 먹었는데 피자 너무너무 맛있어서 다 먹었어요!! 파스타도 면도 안 불고 버터향이 은은하게 고소해서 근래 먹은 파스타 중에 제일 맛있는 거 같아요! 매장 분위기도 좋아서 재방문할 예정입니다 ㅎㅎ
2026-06-03,5,대창돌솥파스타 증말 맛잇어여!!! 갑오징어빠에야도… 뇨끼도..!!! 나중에 엄마 데려와서 데이트 해여겠어요 일찍와서 웨이팅도 안하고 너무 좋앗어요 ㅎㅎ 잘 먹구 갑니당
2026-07-11,5,진짜 스페셜한 메뉴즐!! 파스타는 곱창 대창 진짜 고민 많이 했습니다... 다음엔 라면도 먹어볼래용 >_<
2026-06-28,5,이태리국시 유명해서 와봤는데요 한식퓨전이라 더 마음에 들고 음식도 맛있네요 메뉴에 티라미슈 후식도 있던데 먹어보고 싶어요!! 용산에 오면 꼭 들려야겠어요
2026-06-26,5,너무 너무 맛있어요! 웨이팅 살짝 있었는데 괜찮았어요! 감튀도 맛나구 특히 대창파스타가 짱이에용ㅋㅋㅋㅋ 다음에도 재방문의사 왕왕있습니다. 친절하시구 좋습니다!
2026-07-08,5,한남동에서 맛집 찾다가 이태리 국시에 왔어요!! 독특한 메뉴가 많았는데 한국인 입맛에 잘 맞게 만든 퓨전 이태리 요리라 맛있게 먹고 왔어요!!
2026-06-18,4,벌써 4번째? 정도 방문했어요. 특별한 메뉴가 있어서 너무 맛있고 분위기도 좋아요!
2026-05-06,5,친구들이랑 이태리에 잠시 왔다가 저녁 먹으러 온건데 선택 넘 잘한 것 같아용 처음 먹어보는 대창파스타?! 아 완전 내스타일 친구가 시킨 메뉴듀 같이 먹어봤는데 맛있더라구요!!! 담에 또 와서 다른 메뉴들도 먹어보고 싶어용~
2026-07-18,4,시그니처로 먹어봤어요! 웨이팅은 잇엇지만 다행히 금방 들어왔구요 양은 좀 부족한 느낌이 들지만 맛은 있었어요. 맛있게 잘 먹고 갑니다
2026-07-15,5,"친구들과 생일파티하러 왔는데 정말 만족스러운 식사였어요! 맛없는 메뉴가 하나도 없었고, 오늘이 초복이라 주문한 닭 리조또가 특히 최고였습니다. 분위기도 좋고 음식도 모두 맛있어서 행복한 생일을 보냈어요."
2026-06-07,5,메뉴가 다른 곳보다 신선해서 좋아요! 한식먹을지 양식먹을지 고민하다가 이태리국시로 왔는데 완전 훌륭한 선택 .. 잘먹고 갑니다 🙇🏻‍♀️
2026-07-19,5,곱창파스타+뇨끼 조합=🩷 뇨끼에서 트러플 향도 많이 나고 느끼하지 않아요! 곱창파스타는 살짝 매콤해서 잘 어울리는 것 같아요!!!
2026-07-19,5,모든 음식이 맛있었어요. 재료들 조합도 좋고 신선해서 맛있어요♡
2026-07-14,5,퓨전파스타 맛집이네요^^ 맛있어요~
2026-06-02,5,한남 놀러왔다가 우연히 알게된 곳인데 너무너무 맛있고 너무너무 좋아요😍😍 메뉴 보면서 다 먹고싶어본 음식점은 처음…. 다음에 또 올게요!
2026-06-14,5,한남동 나들이 왔다가 저녁 멋으러 들렀어요. 숯불 불고기 피자 너무 맛있고 건강한 맛이에요. 숯불 대창 파스타도 맛있네요. 추천합니다!!
2026-06-17,5,대창파스타는 약간 얼큰한 스타일이에요~ 쌈피자는 소스가 맛있네요~! 장갑주셔서 편하게 먹었습니다 ㅎ
2026-06-06,5,내부가 넓고 셋팅이 빨라서 한남 저녁시간에 예약없이 겨우 들어갔어요ㅎㅎ 메뉴가 특이한데 다 맛있어요! 친절하고 아늑한 분위기 좋아요~
2026-06-06,5,"자주는 안가지만 올 때 마다 맛있으면서 변함없는 맛이 너무 좋고, 다른 곳에서 맛 볼 수 없는 스타일의 메뉴라서 더 자주 생각나고 추천하게 되는 것 같아요!!! 데이트 식사 장소로 좋을 것 같아요"
2026-05-31,5,비싼만큼 너무 맛있었던 이태리국시 한남점을 방문했어요. 신박한 메뉴들도 많아서 고르는 재미도 있었어요ㅎㅎㅎ특별히 기대안했는데 퀄리티 높은 맛이라서 아주 만족스러웠어요💝
2026-05-31,5,토마토부라타 셀러드의 자몽이 인상적이네요! 갈비찜버터파스타도 맛있었고 저는 된장파스타도 매콤하니 맛있었어요! 아이와 데이트 나왔는데 만족했어요. 재방문 의사 있습니다 ☺️
2026-07-18,2,여자친구랑 한남동 온길에 방문했어요. 특이메뉴가 많고 안주가 빨리 나와요. 파스타에 로제향 향긋하고 리조또는 닭다리가 간이 잘베서 짭쪼롬하니 좋았어요
2026-07-18,5,맛집입니다. . .꼭 한 번 와보십쇼. . .🥰🥰
2026-07-25,4,친절하시고 일단 음식이 다 너무 맛있어요~ 특히 청양차돌오일파스타!! 적당한 불향과 매콤함과 개운함!! 진짜 맛있어요~!!
2026-04-15,5,"맛있는거 먹고싶어서 검색해서 왔어요 창가쪽 앉았는데 시원하고 좋네요 뇨끼, 파스타, 감자튀김 주문했어요 대창 고소하고 감튀 소스 맛있었어요 느끼할수도 있는데 느끼하지않고 잘먹었습니다"
2026-07-10,5,먹어본 퓨전 파스타 중에 제일 맛있었어요! 곱창파스타 특히 강추입니다 나중에 한남 오면 다른 메뉴도 다 먹어보고 싶어요 ㅎㅎ
2026-07-15,5,너무 맛나고 분위기가 좋았어요 그리고 직원분들이 너무 다 친절하시고 서비스가 좋아요👍👍👍👍🩵추천해용
2026-06-26,5,분위기가 차분하고 대화에 집중이 잘되고 음식이 정갈하고 맛있어요~ 한식 컨셉의 이태리 음식이라 뻔하지 않으면서도 너무 맛있어요 또 방문하고 싶네요💕
2026-05-22,5,두번째 방문이에요^^ 갑오징어 빠에야 정말 맛있어요 🙂🙂 매장 분위기도 좋어서 데이트 및 소개팅 하기도 좋고 재방문 예정입니다~~
2026-06-24,5,분위기 좋고 음식 맛있어서 좋았습니다. 다음에 중요한 일 있을 때 또 오고 싶어요
2026-07-22,5,"음식이 정말 맛있고 양도 좋았어요! 시킨 메뉴 조합이 잘 어울렸고, 돌솥이라 따뜻하게 먹을 수 있어서 좋았습니다. 직원분들도 친절하고 매장도 깔끔해서 좋았어요!!"
2026-06-12,5,특별한 조합의 양식 메뉴가 있는 곳이에요. 대창 파스타랑 반개 마늘 돌솥 리조토 먹었는데 재료들이랑 잘 어우러지고 맛있었어요. 매장 분위기도 예쁘고 해서 친구들이랑 오기에도 좋고 데이트로도 좋을 것 같아요. 음식에 대한 만족도가 높아서 다음에 또 방문하고 싶습니다.
2026-07-22,5,잘 먹었습니다! 대화하기도 좋고 음식이 너무 트렌디하고 맛있네요! 🙏🏻 자주 올것 같아요 ㅎㅎ
2026-07-17,4,진짜 맛있러요!! 지인분이 추천해주셔성 왔는데 엄청 유명한데엿네요 진자 너무 마싯고 특이해서 데이트코스로도 적합할거같아요
2026-07-19,5,친구들과 늦은점심 모임했는데 식당분위기 좋고 음식이 퓨전으로 색다르고 맛있어요!
2026-07-15,5,다른곳에서 먹어볼 수 없는 독특한 메뉴가 있는곳 분위기도 좋고 맛있습니다
2026-06-23,5,우연히 방문하고 맛있어서 다른 사람들 데리고 두 번 더 방문했어요ㅎㅎ 생면파스타 추천입니다!
2026-07-04,5,한남동 데이트하다가 왔는데 잠깐 웨이팅하고 금방 들어왔어요. 피스타 대창 부드럽고 맛있고 피자도 신선하니 맛있어요
2026-04-28,5,기다리는시간이 아깝지 않을만큼 너무너무 맛있어요! 양도 딱! 적당하고 좋았습니다! 또 너무 바쁘지만 친절한 직원분들 너무 좋았오용! 그리구 오미자석류 하이볼 이쁘기만 한게 아니라 진짜 달달하니 너무 맛있어요❤️
2026-07-24,5,곱창 좋아해서 곱창 파스타 먹었는데 너무 맛있어요~!!
2026-04-28,4,처음 먹어보는 메뉴들이라서 특별함이 있네요. 먹었던 두가지 메뉴 모두 맛도 좋았습니다. 특히 숯불대창파스타 넘 맛있네요~쫄깃쫄깃한 대창과 자극적인 소스가 계속 손이 갑니다. 2층 창가쪽에서 먹으니 분위기도 좋았습니다~
2026-07-11,5,한식인 듯 양식인듯 메뉴가 특이하고 맛있어요! 벌써 세 번째 방문입니다 ㅎㅎ
2026-07-21,5,플레이팅도 너무 예쁘고 음식도 맛있어요!! 매장 분위기도 좋고 사장님도 친절하세요 ㅎㅎ
2026-07-11,5,가게 웨이팅 없이 바로 들어왔어요~ 내부 넓고 자리 많아요
2026-06-27,5,이전에 왔을 때 곱창파스타 맛있게 먹었던 기억이 있어서 또 주문했는데 여전히 맛있습니다! 이번엔 새로 알배추 스테이크 시켜봤는데 같이 나온 숯불갈비랑 소스가 잘 어울렸어요!
2026-06-18,4,진짜 대만족입니다!!!! 여기 있는 모든 메뉴 다 먹어보고 싶어요! 마지막에 먹는 효소까지 완벽쓰!
2026-07-11,5,이태원 이태리국시 넘맛있어요 담에 또 올게요 👍 👍 👍
2026-06-26,5,"근처에서 전시회 보고 밥먹을 곳 찾아서 왔는데 정말 맛있었어요!! 인테리어도 세련돼서 사진을 많이 찍었습니다,,, 그리고 개인적으로 갈비찜 레몬파스타?가 정말 말있었습니다!! 버터 풍미와 부드러운 갈비가 대박이에요"
2026-07-25,5,돌솥그릇에 나와서 음식을 끝까지 따뜻허게 먹을 수 있어요. 대창이랑 오징어가 부드럽고 맛있어요.
2026-07-20,5,친구들이랑 저녁먹으러 왔는데 음식도 너무 맛있고 매장도 청결하고 직원 분들도 친절하시고 만족스러웠어요 다음에 또 방문할게요!
2026-07-06,4,음식이 다 맛있어요 또오고 싶은 곳입니다ㅎㅎ
2026-07-10,5,대창과 파스타의 조합...!! 너무 맛있습니다ㅎㅎ 새로운 메뉴가 많아서 좋아요!!
2026-05-30,4,메뉴 보자마자 이거다! 하고 곱창 파스타 주문 했는데 기대만큼 너무 맛있었어요 ㅎㅎ 돌솥이 아주 뜨거워서 처음에는 놀랐는데 끝까지 먹을때까지 따뜻해서 친구랑 둘이 바닥 긁으면서 먹었네요 ㅎㅎㅎ 다음에 또 여기 와야겠어요
2026-04-12,5,날씨도 좋은데 뷰도 좋고 인테리어도 예뻐요 음식도 다양하고 단순 파스타가 아니라 특별한 파스타 느낌이라 더 맛있고 좋아요 직원분들도 넘 친절하시네요 데이트 하기도 좋고 모임하기도 좋습니다 강력 추천합니다!
2026-05-12,5,진짜 너무 맛있어요!!👍 한남동에 데이트 하러 와서 밥 먹으로 왔는데 매장도 크고 깔끔하니 좋고 그무엇보다 음식이 다 맛있어요!! 고기도 가득하고 야채도 가득있고 다 너무 맛있어요!! 이거 먹으러 한남동에 가야합니다!! 다음에 오면 다른 메뉴도 먹어보려고요💗
2026-07-17,5,여자친구와 같이 오기 너무 좋은거 같아요 분위기도 좋고 깔끔한데 맛도 너무 좋아서 맛있게 먹었어요
2026-06-22,5,남자친구랑 1000일 기념일에 방문햇어요~ 너무 맛있고 분위기도 좋네용 직원분들도 친절하시구 덕분에 좋은 시간 보냈습니당
2026-04-26,5,"한남동에 있는 이태리국시 한남 방문했어요! 요즘 핫한 이유가 있네요… 한식이랑 양식 제대로 섞은 퓨전 파스타 맛집 👍 전체적으로 분위기도 좋고 데이트나 친구랑 오기 딱 좋은 느낌이에요. ✔ 갈비찜버터파스타 고기 완전 부드럽고 버터향이 진하게 올라오면서 고소함이 확 느껴짐! 살짝 짭짤하긴 한데 그게 또 계속 먹게 만드는 맛이었어요. ✔ 청양갈비라구 파스타 이건 느끼함 잡아주는 매콤함이 포인트! 청양고추 특유의 알싸한 맛이 있어서 질리지 않고 계속 들어가요. 둘 다 양도 꽤 괜찮고, 확실히 평범한 파스타랑은 다른 매력이 있음 😆 한식 좋아하는 사람도 부담 없이 먹을 수 있는 스타일이라 더 좋았어요. 재방문 의사 있음! 다음엔 다른 메뉴도 도전해볼 예정🔥"
2026-07-24,5,차돌청양 파스타 강추! 장아찌가 진짜 맛있어요!!🥰 갈비라구도 고기맛 진해요~
2026-07-19,4,반계마늘돌솥리조또 진짜 너무 맛있어요..!! 한우곱창파스타도 완전 소스가 취향저격이에요
2026-04-11,4,토요일 주말에 아내와 산책겸 한남동 카페 왔다가 방문한 이태리국시 한남점~ 이색적인 음식에 생각 없이 깜짝 방문했어요 맛도 좋고 매장도 깔끔하고 분위기도 괜찮았어요😄 창가 자리 앉게 되어 시원한 바람 맞이하며 식사하니 좋았습니다😊👍
2026-06-20,5,음식이 너무 맛있고 분위기가 좋아서 추천합니다 ㅎㅎ 너무 맛있어용!!!! 특히 이 뚝배기 파스타 무조건 시키세요!!
2026-07-11,5,친구랑 오랜만에 만났어요! 대창파스타 이거 엄청 맛있어염 오시면 꼭 드시긔! 히히
2026-06-01,5,와 진짜 다 너무 맛있어요!! 쌈피자 짱맛있고 ㅜㅜㅜㅜ 곱창파스타도 한식과 양식의 완벽한 콜라보!! 2층 창가쪽 앉으면 분위기도 좋아서 기분좋게 식사할 수 있어요💗💗
2026-07-13,5,이태원 왔다가 방문했는데 맛있게 잘 먹고 갑니다! 매장도 청결하고 직원분들도 친절해서 재방문 하고싶어요 특별한 메뉴가 있어서 더 좋아요~
2026-06-27,5,독특함이 돋보이는 메뉴들이어서 눈이랑 입이 즐거웠습니다 :) 매장도 깔끔하고 직원분들도 친절하셔서 더 좋았어요
2026-07-13,5,하얏트 호텔 왔다가 들렸는데 너무 맛있어요
2026-06-06,5,숯불대창이랑 닭 리조또 처음 와서 먹어보는데 가격대가 있는만큼 너무 맛있게 잘 먹은것 같습니다 다음에 서울 놀러오면 또 먹으러 올것 같습니다~
2026-06-10,5,"진짜 맛있고 인테리어도 깔끔하고 손집대접하기도 좋고, 부모님 모셔오기도 좋고, 데이트하기도 좋아요, 강추추추추"
2026-06-19,4,직원들이 친절하고 음식 메뉴가 독특하고 맛있어요 ~~ 분위기도 좋고 저녁 잘 먹고 갑니당 ㅎㅎ !!
2026-06-28,5,퓨전 음식으로 파스타 너무 맛있게 나와서 데이트나 친구들간 방문으로 꼭 한번 들려도 좋아요! 특히 리조또 너무 맛있었어요! 😄
2026-07-11,5,메뉴가 특이해보여서 왔는데 매장이 깔끔하고 분위기가 좋았어요 시원하고 주문 방식도 편하고 친절하십니다 다음에 또 와서 다른 메뉴도 먹어보려구요 청양차돌파스타도 궁금하고 뇨끼도 궁금하네요!
2026-05-31,4,리조토 완전 보양식같아요 여름 음식느낌 맛있어요! 곱창파스타는 처음 먹어보는데 의외로 토마토랑 어울려서 괜찮아요! 둘 다 맛있습니당
2026-04-16,4,"불고기피자랑 곱창라면 먹었어요!! 불고기피자 도우는 thin피자 생각하시면 될 것 걑아요 like 또띠아! 곱창라면이 생면파스타래서 기대했는데 괜찮았어요! 맛는 불짬뽕+소곱창(이정도면 상당히 부드러운 편!)이라서 당연히 맛있었습니다 창가자리 분위기도 좋구 평일 낮에 오니까 사람도 별로 없고 좋았어요~ 제로콜라 5,500원"
2026-05-25,5,어떻게 이렇게 세 가지 메뉴 다 맛있죠?!!!!! 그리고 다 어디서도 못먹어본 맛이라서 정말 레어합니다요>.< 느끼하지 않은 퓨전 이탈리안!!! 걸신들린듯이 흡입했습니당
2026-06-26,5,금요일 7시쯤 방문했는데 대기 15분정도하고 바로 들어왔어요 쾌적하고 인테리어도 깔끔해서 데이트 코스로 좋은 것 같아요 파스타랑 피자도 맛있고 깔끔해요! 또 방문하려구요◡̈
2026-06-28,5,"여자친구랑 한남동 투어 하다가 분위기가 좋아 보여서 들어왔는데 대성공입니다! 이태리국시 이름답게 메뉴들이 정말 독특하고 신선했어요. 양식 먹다 보면 금방 물리는 편인데, 여기는 한국인 입맛을 저격하는 매콤함과 감칠맛이 있어서 질리지 않고 계속 들어가더라고요. 인테리어도 감각적이고 직원분들도 친절하셔서 식사하는 내내 기분이 좋았습니다. 흔한 파스타 말고 특별한 퓨전 요리 즐기고 싶을 때 오기 좋은 곳이에요. 조만간 다른 메뉴 도장 깨기 하러 또 올게요!"
2026-07-22,5,제가 가본곳중에서 제일맛있는파스타집 중 하나에요..개성있고 호불호갈리지않을맛이에요ㅠㅠ 꼭 들려보세요
2026-05-03,5,닭고기가 부드럽고 리조또가 맛있어요 대체로 간이 강하긴 한데 삼계마늘 돌솥 리조또가 제일 괜찮았고 대창 리조또도 쫄깃하고 괜찮았는데 한국적인맛? 된장 볼로네제는 된장맛이 강하고 짭쪼롬해서 맛있게 먹었습니당
2026-07-08,5,한강진 쪽 올 때마다 여기 와용 갑오징어 빠에야 진짜 너무 맛있어요.... 진심 스페인에서 먹은 빠에야보다 더 맛잇음여 완잔 추천해여 !!! 💕💕
2026-06-18,4,정말 맛있게 먹었습니다 ! 심지어 쌈피자가 훌륭하네요 추천합니다
2026-04-25,5,이태리국시!! 한남동맛집으로 유명한곳이라 기대하고 갔는데 역시 최고에요 분위기도 좋고 다맛잇지만 특히 숯불갈비 너무너무 맛있어요🥹❤️❤️ 다음에도 한남동 오면 꼭 다시  방문예정입니다!!
2026-06-05,5,한우대창파스타를 먹어보았습니다. 대창 양도 많고 살짝 매콤해서 전혀 느끼하지 않았어요 부담없이 먹기 좋습니다! 파 향도 잘 어우러져서 좋았어요 직원분도 친절하셔서 기분 좋게 식사했습니다:)
2026-05-30,4,독특한메뉴가 많아 궁금해서 와봤는데 역시나 먹길잘했어요! 너무 맛있어요! 양만 좀더 푸짐하면 좋을거같아요 ㅎㅎ 잘먹고갑니다!
2026-07-21,5,분위기 좋고 맛도 좋았어요😊 많이들 여기서 데이트 하시고 좋은 인연 만드세요🍀
2026-07-11,5,"다른 리뷰들보고 방문했는데, 한식이랑 양식 조합이 너무 신선하고 맛있었어요😋😋 운좋게 웨이팅 없이 빨리 이용했고 직원분들도 친절하셔서 다음번에도 올게요😋"
2026-06-06,5,"검색으로 방문한 이태리국시! 얼큰한 국물 파스타는 진한 토마토 베이스에 불향 가득한 대창이 푸짐하게 들어가 있어서 해장 음식으로도 좋을 것 같았어요. 담백하면서도 깊은 맛이 계속 당기는 메뉴였습니다. 함께 반계마늘 리조또는 부드럽게 익은 닭과 고소한 리조또의 조합이 정말 좋았고, 위에 올라간 고소한 토핑이 풍미를 더해주네요. 양도 넉넉하고 맛도 만족스러워서 다음에 또 방문하고 싶은 곳입니다. 😊"
2026-07-17,5,색다른 메뉴였는데 양도 많고 정말 맛있었어요! 다음에 또 올게요~
2026-07-17,4,특이한 메뉴가 있어 방문했습니다 퓨전파스타구요 웨이팅앞에 두팀있었는데 십분정도기다리고 들어왔습니다 아이들과함께 먹는데 특별한맛이라 좋았습니다
2026-05-18,5,오늘은 친구랑 함께 왔지만 분위기와 음식 그리고 직원 분들의 친절함이 삼박자로 딱딱 맞아떨어져서 데이트로 오기에도 너무 좋은 곳이라고 생각해요 시그니처 메뉴인 피자랑 파스타 둘 다 유니크하고 맛도 좋아요 너무너무 배고팠는데 알맞게 딱 들어온 거 같아요 다만 너무너무 배고프다면 건장한 남자는 양이 좀 부족할 수 있어요 그래도 메뉴가 다 맛있으니 여러개 시키면 됩니다
2026-06-08,5,예상과 달리 웨이팅 많이 없이 바로 앉을수 있어서 좋았고 음식이 따뜻하게 빨리 나와서 맛있게 먹었어요!!트러플 감튀가 별미네요!!!
2026-05-31,5,맛에 크게 기대 안하고 왔는데 넘 맛있었어요 .. 😍 두 메뉴 다 추천해요 담에 다른 메뉴도 먹어보고싶네요. 식당 내부도 넓어서 정신없지 않고 쾌적해서 좋았어요 😄👍🏾
2026-07-03,5,너무 맛있어서 일주일 만에 또 방문했습니다 ㅋㅋ🤍
2026-07-05,5,한식베이스에 양식 음식이라 독톡하고 맛있어요! 데이트하기 좋아여~
2026-07-11,5,양식 먹고 싶어서 방문했는데 만족하고 갑니다~
2026-07-11,5,맛있고 튿별한 메뉴가 있어요~
2026-05-17,5,모든음식이 독특하고 너무 맛있습니다 피자는 정말 쌈을 싸먹는 느낌으로 고급진 수제 불고기버거 느낌이 났습니다 특히 숯불갈비 깍두기리조또는 입맛에 딱 맞아서 싹싹 긁어먹었습니다 숯불대창파스타는 비릴것 같다는 선입견을 완전히 버릴수 있게 대창 자체에서 느껴지는고소함과 매콤함이 함께 어우려져 맛있습니다 배가 불러 세가지 밖에 못먹어본게 아쉬울정도로 모든음식이 다맛있었습니다 강추합니다
2026-06-13,5,맛있어요! 메뉴가 색달랐는데 잘어우러지는 맛이에요! 🥰식당 내부 붐비지않는 동선도 마음에 듭니당 ㅎㅎ
2026-06-22,5,갑오징어리조또 매콤하니 맛나요 면 종류는 고를수 있음 좋겠네요 단골될듯
2026-07-08,4,"친구와 한남동 왔다가 맛집으로 소문난 이태리 국시 에서 저녁 먹었어요~, 다행히 웨이팅 없이 들어갔어요. 알배추 갈비 샐러드와 전복 감태 파스타 재료가 신선하고 깔끔해서 맛있게 먹었어요. 매장도 깔끔하고 직원분 서비스도 만족스럽습니다. 다음에 또 방문해서 다른 메뉴들도 먹어보고 싶네요~"
2026-07-25,5,전에 왔을 때는 웨이팅 있어서 돌아갔었는데 식사시간 조금 피해서 오니까 바로 들어갔어요 음식 맛있고 뚝배기 메뉴 시키니까 오래 따듯하게 먹을 수 있어요 다음에 다른 메뉴 먹으러 또 올게요
2026-07-19,5,색다른 맛을 즐길 수 있는 파스타가 많고 맛있어요! 살짝 매콤한 맛을 좋아하신다면 대창 파스타도 추천해요!!
2026-06-13,5,처음 와봤는데 너무 맛있습니다 저 리조또가 킥입니다 1인 1뚝 하고 싶네요 싹싹 긁어먹었습니다 다음에 다른 메뉴 먹어보고 싶네요
2026-07-15,5,"한국적인 재료를 이탈리안 스타일로 풀어낸 메뉴들이라 흔한 파스타집과는 다른 매력이 있었고, 음식 플레이팅도 예뻐 사진 찍기에도 좋았습니다."
2026-05-16,5,"한남동에서 이태리 음식과 한식의 퓨전 음식점이 있다고 해서 방문해보았습니다 한우곱창돌솥파스타랑 숯불갈비깍둑이리조토를 시켰는데요 두 음식의 조합이 생각보다 훨씬 맛있었습니다! 곱창이 들어간 파스타는 약간 매콤한 소스, 그리고 치즈와 조합이 좋았고, 리조토도 고기와 잘게 썰린 깍둑이가 한식 느낌을 이태리 음식에 자연스럽게 녹여낸 느낌이라 더 매력적이어서 다음 번에도 또 방문하고 싶습니다!"
2026-07-09,4,곱창파스타 꼭 주문하세요!! 담에 또먹집💗⭐️
2026-07-04,5,리조또랑 파스타 넘 맛있게 잘 먹구 안에 인테리어도 이뻐요:D
2026-04-20,4,시그니처라고해서 대창파스타랑 전복내장 리조또 시켰는데 맛있었어요! 음식도 빨리나오고 끝까지 따뜻하게 잘 먹었습니당~ 양이 많은 편은 아니라 다음에 오면 샐러드나 메인디쉬 하나 더 시켜야겠어용 매장 깔끔하고 분위기 좋아서 청모하기 괜찮아보입니당
2026-07-07,5,곱창파스타 사진이 너무 맛있어 보여서 방문했어요! 로제 맛이 많이 안 나는 매콤한 파스타여서 질리지 않고 끝까지 맛있게 먹었어요☺️ 반계마늘돌솥도 누룽지백숙 냄새가 나서 익숙한데 크림마늘소스(?)가 잔뜩 들어갔는지 양식 느낌이 나더라고용 닭고기도 부드러워서 맛있게 먹었습니다👍🏻
2026-04-12,5,"이색적인 양식 레스토랑을 찾아서 방문했어요! 대창, 곱창을 이렇게 매콤한 파스타로 먹으니 너무 맛있더라고요! 반계가 올라간 리조또는 간이 세지 않아서 버터 풍미를 그대로 느낄 수 있어서 더 맛있게 먹었습니다☺️ 계속 웨이팅이 이어지던데, 그래도 회전 속도가 빨라서 다들 빨리 입장하더라고요! 맛있게 잘 먹었습니다🤍"
2026-07-09,5,"분위기, 맛, 서비스 모두 만족! 파스타, 뇨끼, 샐러드 다 정말 맛있어서 다음에도 다시 방문하고 싶은 곳입니다."
2026-05-27,5,분위기도 좋고 맛도 좋습니다🍀😊 엄마랑 같이 방문해서 맛있게 먹었네요 또 와서 다른 메뉴 먹어볼거에요 최곱니다💙
2026-07-18,5,한남동에서 쇼핑 하고 식사하기 좋은 위치에 있습니다! 에피타이저랑 파스타 둘다 너무 맛있게 먹었어요!ㅎㅎ
2026-06-03,4,대창돌솥파스타가 유명해서 주문해봤는데 기대 이상이었어요. 대창 특유의 고소한 맛이 잘 살아있고 느끼하지 않아서 맛있게 먹었습니다. 빠에야도 간이 딱 좋고 재료도 잘 어우러져서 같이 주문하길 잘한 것 같아요. 음식 비주얼도 예쁘고 분위기도 좋아서 추천합니다!
2026-06-03,5,은은하게 매콤한 소스에 고기와 채소 조합이 잘 어우러진 파스타🍝 면도 적당히 잘 익어서 맛있게 먹었어요! 분위기도 깔끔해서 만족 😊
2026-07-04,5,신기한 메뉴가 많아여 단체모임하기도 좋은것같아요 비주얼도짱
2026-06-20,5,곱창파스타랑 피자 진짜 넘넘 맛있어요 ㅋㅋ식사 시간 피해서 가서 웨이팅은 안 했어요 ㅎㅎㅎ담에 또 이 시간에 오려고욬ㅋㅋ맛있어요
2026-07-25,5,쫄깃한 식감이고 먹을때 부드럽게 잘 넘어가서 좋았습니당ㅎㅎ 이색적이라서 좋습니당👍
2026-07-05,5,인테리어 좋구요 가방두는 섬세함부터 음식 당연히 맛있구용 조명도 좋구 친구들이링 즐거운 시간 맛있게보냈어요!! 왕추천!!!
2026-07-25,5,이태리국시 이야기만 듣다가 처음 이용해봤는데 가게 깔끔하고 좋네요 ㅎㅎ 다음에 또 방문하겠습니다 ㅎ
2026-05-26,5,퓨전이태리음식 찐맛집!!!! 분위기도 좋고 직원분도 친절하셔요 특히 한우곱창전골파스타 매콤짭짤하니 존맛입니다 왕추천
2026-07-12,5,너무 분위기 있고 맛있어요! 다음에도 또 올것같고 여자친구도 좋아합니다! 잡내도 안나고 너무 맛있어요! 다음에도 오겠습니다!
2026-06-28,5,맛있어요 샐러드가 느끼함을 잡아줘요
2026-07-17,4,메뉴가 특이하고 맛있어요-! 가게 분위기도 좋아서 가족끼리 오기도 좋고 데이트에도 좋아요!!
2026-06-28,5,"맛도, 비주얼도 맛있게 잘 먹었습니다. 종종 지인들과 오기 좋은곳 이에요ㅎ"
2026-07-23,3,퓨전식의 힌국색이 더해진 이탈리안 음식? 인거 같아요. ㅎㅎ 쌈싸먹는 피자 재밌네요
2026-07-09,5,트러플 뇨끼 정말 맛있어요 피자에 올라간 야채도 신선하고 쌈싸먹듯이 먹는게 신기했어요~ 알배추 스테이크도 별미네요~
2026-05-22,5,우연히 들어왔는데 정말 너무 맛있네요 🥹🥹 제가 먹어본 뇨끼 중 최고입니다 진짜 인생 뇨끼... 와우 피클 대신 주시는 ?? 고것도 참 맛있었구요 청양크림봉골레 파스타도 맛있었어요!! 다시 오고 싶습니다 🫶🏻🫶🏻🫶🏻
2026-07-10,4,이태원에 놀러왔다가 특이한 파스타가게가 보이길래 방문했어요. 한식이랑 퓨전한 파스타랑 리조또였는데 특유의 맛이 있어서 좋았어요 가게 분위기도 예쁘고 다음에 또 방문할 것 같아요
2026-07-04,5,너무너무 맛있숩니당♡♡♡ 5명이 5개 시키고 맛있게 먹고 추가로 더 주문요☆☆☆
2026-06-13,5,음식맛있어요!  한국적인 익숙한 맛이나서 끝까지 맛있게 잘먹은듯요 잘먹었습니다!
2026-06-22,5,이태리국시 한남점 🍝 파스타랑 리조또 먹었는데 둘 다 맛있었어요. 리조또 특히 좋았음. 또 올 것 같아요. #이태리국시한남점 #한남동맛집 #파스타 #리조또
2026-07-22,5,음식도 맛있고 돌솥으로 나와 끝까지 따뜻하게 먹을 수 있어서 좋았습니다~ 매장도 깔끔하고 직원분들도 친절해서 기분 좋게 먹었어요! 다음에 다른 메뉴도 먹으러 다시 방문하겠습니다~!☺️🙌🏻😋
2026-07-06,5,맛있어요!! 매장 분위기도 좋고 직원분들도 친절하십니다!! 식으니까 쫌 짜용 ㅎㅎ
2026-06-27,4,너무너무맛있어용 또 올게요!!!!
2026-06-27,5,오랜만에 이태원 놀러왔는데 넘 맛있어요!!! 다음에 또올거같아요 ><
2026-07-22,5,마싯어용 평일인데도 사람 많네요 👍👍
2026-06-14,5,곱창파스타라는 특별한 메뉴가 있어서 신기하고 맛있었어요!! 특히 피자가 이국적인 맛이에요ㅎ 건강한데 타코같은 피자느김이에요🤭
2026-06-20,5,부모님이랑 밥먹을곳 검색하다 와봤는데 음식도 맛있고 한식 퓨전이라 부모님도 잘 드시네요! 또 올게요!
2026-06-27,5,양도많고 너무 맛있어요 ㅎㅎ 완전 맛도리! 여친이랑 다음에도 또 올게요
2026-07-04,5,정말 맛있습니다 ! 데이트하러 오기 좋고 직원분들 친절하세요 ! 추천
2026-06-27,5,메뉴가 특이해요 캐치테이블은 예약 끝났었는데 워크인으로 오니깐 바로 입잘 가능했어요 매장 깨끗하고 시원하고 직원분들이 친절해요👍
2026-05-13,5,특별한 음식점을 찾다가 방문한 이태리국시! 메뉴도 한식과 접목해 특이했는데 맛도 최고였어요~ 샐러드부터 파스타 리조또까지 다양한 음식 주문해서 먹어봤는데 너무 맛있었답니다~ 평일 예약 없이 방문했는데 기다림도 없었고 창가 자리 앉아 시원함과 분위기까지 같이 즐기며 먹었답니다:)
2026-06-07,5,아이가 먹을수있을까했는데 반계리조또잘먹네요 대창파스타 강추요 갑오징어빠에야도 오징어에 불맛나서 맛있네요
2026-06-21,5,데이트로 왔는데 분위기도 너무 좋고 음식도 맛있어서 다음에 또 올거 같아요☺️ 갈비찜버터파스타 진짜 꼭 드세요!! 진짜 이거 먹으러 다음에 또 올거 같아요!!
2026-06-21,5,남자친구랑 데이트로 전시회 보러 나와 양식이 먹고 싶어서 찾아 와봤습니다. 한식과 양식의 퓨전이 신선하고 맛있었습니다. 직원분들도 친절해서 너무 좋았습니다
2026-04-22,5,퓨전 양식이라니 너무 맛있어요!!😍 오일파스타도 적당히 매콤하니 간도 딱이고 알배추 샐러드도 갈비랑 먹으니 맛있는데 위에 함께나오는 깻잎페스토(?) 양념도 조합이 좋습니다!👍🏻 분위기도 좋고 덕분에 만족하는 식사 하고 나왔어요!💕
2026-07-04,5,특별한 메뉴가 있어서 왔는데 생각만큼 너무 맛있었어요!! 대창 느끼하지 않구 파스타랑 잘 어울리구 리조또도 넘 맛있었어요ㅎㅎ 매장도 시원하구 한남동에서 쇼핑하구 밥 먹기에 너무너무 좋구 추천합니다~~💫
2026-06-12,5,맛있습니다 !!!! 파스타가 메콤해서 좋았어요 분위기도 너무 좋아서 강추~!
2026-06-14,5,음식 너무너무 맛있어요!! 특히 대창파스타랑 전복리조토 꼭 드셔보세요!!😆😆👍🏻💕
2026-05-18,4,친구추천으로 왔는데 너무 맛있어요!!!! 직원분들도 너무 친절하시구 가게가 정말 깔끔합니당 다음에 또 남자칭구랑 재방문하겠습니당!!
2026-06-26,5,음식도 너무 맛있고 분위기도 너무 좋아서 데이트 할때 오기 너무 좋은거 같아요! 메뉴들도 퓨전 한식 느낌이라 너무 맛있고 느끼하지도 않습니다! 한번 꼭 와볼만한 식당 같아요
2026-05-12,5,알배추/숯불갈비샐러드: 따로 먹을 때와 같이 먹을 때 맛이 다 달라서 여러가지로 즐길 수 있어요 전복내장돌김파스타: 김이 들어간 게 진짜 신의 한 수 계속 빠져들게 하는 맛 한우곱창라면: 곱창이 들어있는데 느끼하지도 않고 불맛나는 짬뽕에 가까운 맛이에요
2026-07-05,5,너무 배고픈 상태에서 먹은 이태리국시! 다행히 8시50분 라스트 오더라 늦은 시간에도 식사를 해결할 수 있어서 좋았어요 스파이시한 돌솥곱창파스타 추천해요!!
2026-07-22,5,비오는 날이라 운좋게 바로 들어왔네용 대창파스타 존맛이에요 갈비라구파스타도 딱 느끼함 잡아줘서 좋았오요 ㅎㅎ
2026-07-14,4,음식도 맛있고 매장 분위기도 좋아서 생각날때마다 한번씩 방문하는곳! 올때마다 만족하고 갑니다!
2026-07-05,4,애인하고 맛있게 먹고 잘 갔어요 담에 또 먹고 올개요
2026-07-12,5,음식 먹기 전에 먼저 직원분들이 너무 친절해서 기분이 좋았습니다. 음식도 하나같이 다 너무 맛있어서 어른 넷이었는데 메뉴를 6개나 시켰어요^^ 다음에 다시 또 오고 싶어요. 오늘 다 만족한 식사였습니다!
2026-05-17,4,"한식퓨전 음식인데, 음식재료들이 한국식이어서 독특하면서도 맛있었어요~ 웨이팅은 일요일 저녁 그렇게 길지 않게하고 착석할 수 있었어요:) 매장은 개방감 있어서 좋았어요~"
2026-07-04,5,데이트하다가 리뷰보고 들어왔는데요 너무 맛있어요 특히 곱창파스타랑 반계마늘리조토 조합으로 먹는게 진짜 꿀맛이예요
2026-05-17,3,다 깔끔하니 너무 맛있어요 같이 곁들인 화이트 와인도 짱 !! 퓨전인데 이질감없고 넘 조화롭게 맛있네요 양은 쪼오금 부족해용 ㅠㅠ 그래도 굿 !!
2026-07-05,5,파스타도 너무 맛있고 리조토도 정말 맛있었어요 일반 파스타가 아니라 새로운 맛이고 전혀 느끼하지않구 인생파스타 만난거 같아여 삼계리조토도 맛있었어용 추천추천
2026-06-10,5,분위기 좋고 넘 맛있어요 ㅎㅎ 대창파스타 먹고싶어서 왔는데 아주 만족스럽습니당
2026-05-30,4,음식들이 특이해서 꼭 한번 와보고 싶었는데. 정말 맛있네요! 특이 대창파스타 느끼하지도 않고 진짜 맛있어요 ㅜㅜ (대창 알도 큼) 다음에 와서도 대창파스타는 꼭 먹을 듯요.
2026-06-10,5,양식 먹고 싶어서 찾다가 발견한 곳인데 해산물도 크고 너무너무 맛있었습니다ㅏ!! 이태원 오게되면 또 올게오!! 🩷🩷
2026-05-22,5,이태리국시에 모든 지점을 돌고 있어요! 어디 지점이 가장 맛있는지 알아보려고요~! 한남점 지금 일등이에요🤧 최고최고!!! 모든 메뉴 다 먹어보고싶어서 또 올 예정입니당
2026-04-26,5,"대창돌솥파스타 먹었는데 고소하고 불향도 살짝 올라와서 꽤 매력적인 메뉴였음. 돌솥이라 끝까지 따뜻하게 먹을 수 있는 것도 좋고, 대창이랑 파스타 조합이 생각보다 잘 어울림 👍 그리고 무엇보다 뷰가 좋아서 분위기까지 한몫함. 한남동에서 데이트나 가볍게 분위기 내기 좋은 곳!"
2026-06-08,5,검색해서 와밨는데 다행이 대기 안하고 베스트로만 먹었는데 너무 맛있게 잘먹었습니다! 또 먹고 싶네용
2026-05-16,5,너어무 맛있어요! 헤비하지 않고 건강한 느낌이구 엄마랑 먹는데도 맛있게 드셨어요! 다음엔 다른 메뉴도 먹어보고 싶어요~! 한남동 오면 꼭 드셔보세용!
2026-05-16,5,"메뉴 조합도 좋고 음식이 전체적으로 깔끔하고 맛있었어요. 너무 자극적이지 않아서 끝까지 편하게 먹기 좋았고, 분위기도 조용한 편이라 대화하면서 식사하기 좋았습니다☺️"
2026-07-03,5,인테리어도 멋있고 특이한 메뉴가 많아서 재밌었어요 맛있어용👍
2026-05-29,5,메뉴가 다 독특해서 기대하고 왔는데 기대 이상이에요! 특히 숯불대창돌솥파스타!!대창 좋아하지만 금방 느끼해져서 얼마 못먹는데 매콤한 파스타 안에 간이 되어 들어가 있으니 너무 맛이 있어서 꽤 많은 양이었는데도 다 먹었어요! 다음에 다른 메뉴 먹으러 또 올거에요😃
2026-05-23,5,메뉴도 특별하고 너무 맛있어요 창가 자리 앉았는데 날씨도 좋고 뷰도 좋았습니다. 또 오고 싶어요. 파스타도 맛있었는데 알배추 갈비 샐러드 진짜 맛있네요.🥹
2026-06-28,5,너무 맛있어서 두번째 방문합니다 ㅎㅎㅎ 피자 꼭 추천드려요!
2026-07-24,5,한남동 올때마다 들러요. 너무 맛있어요♡
2026-06-11,4,매장 깔끔하고 직원분 친절하고 무엇보다 중요한 음식 맛있어요~~ 또 꼭 올게요~~
2026-06-05,5,주문한 메뉴 모두 맛있었어요 ! 특히 숯불대창돌솥파스타 꼭 드세요👍 다른 메뉴도 먹어보고 싶어요 ~🫶
2026-04-23,5,분위기도 좋고 음식도 맛있어요 특별한 메뉴들이 많아서 자주와서 여러 음식들을 먹어보고 싶어요 2층이라 전망도 좋고 은은한 조명 분위기도 좋아서 친구랑 연인이랑 오면 행복한 시간이 될 것 같아요!
2026-06-24,5,"친구 추천으로 같이 방문했는데 음식도 너무 맛있고, 매장 분위기도 좋아서 친구랑 수다 떨면서 같이 밥먹기 좋았어요. 담에 기회되면 가족들이랑도 와보려구요"
2026-06-09,5,맛도 좋고 대창 크기도 엄청 커요!! 피자도 또띠아 느낌이라 맛있어서 다 먹었습니다 !
2026-06-09,4,맛집 추천 받고 왔는데 음식 너무 고급지고 맛있네요 매장 분위기도 아주 좋아요 데이트 친목 다다다 추천입니다!!!
2026-06-18,5,"친구랑 블루스퀘어에 공연 보러 왔다가 우연히 들어왔는데, 아주 탁월한 선택이었어요. 적당히 매콤한 게 아주 맛있어요. 또 와야지"
2026-06-28,5,"매장도 청결하고 각 음식들도 간이 쎄거나 강하지 않고 적당하게 특색있게 맛있었고, 직원분들도 너무 친절하게 웃으면서 응대해주셔서 너무 좋았습니다! 덕분에 편안하게 맛있는 음식 먹으면서 힐링하고 옵니다~!"
2026-04-25,5,"한남동에서 분위기 좋은 곳 찾다가 방문했는데 생각보다 메뉴 조합이 독특해서 재미있었어요! ✔️ 숯불대창돌솥파스타 돌솥에 나와서 끝까지 따뜻하게 먹을 수 있고, 대창이 숯불향이 은근하게 나면서 쫄깃해서 파스타랑 잘 어울려요. 처음엔 생소했는데 먹다 보니 계속 손 가는 맛! ✔️ 불고기피자 달달한 불고기 + 고소한 치즈 조합이라 무난하게 맛있었어요 전체적으로 메뉴가 흔하지 않아서 색다른 느낌이고 분위기도 괜찮아서 데이트나 친구랑 가기 좋은 곳이에요"
2026-07-02,5,마히다요 마히다 멋지다 뷰도
2026-07-12,5,한식적인 느낌의 양식 전문점 이태리국시 모든 메뉴 다 맛있게 먹었어요!! 추천추천!!!
2026-05-17,5,"주말에 웨이팅이 있을줄 알고 걱정했었는데, 금방금방 들어갈 수 있었어요. 음식도 되게 빠르게 나오고, 특히 곱창파스타 좋았습니다.. 거기에 전복돌김파스타에 샐러드의 조합은 싹싹 긁게 만들었네요! 한남 올때마다 들르고 싶네요~!"
2026-07-08,5,너무 맛있어용 점원분들 친절하시고 매장이 이쁩니다!!
2026-07-17,5,알배추 갈비 샐러드 무조건 한국인이라면 무조건 먹어봐야함ㅜㅜㅜ 같이 방문한 친구도 알배추 샐러드 너무 맛있다고 감탄했음 이태원 데이트 코스 소개팅 장소로도 너무너무 추천💕
2026-05-09,5,"환경이 매우 좋고 매우 깨끗하며, 음식은 외관뿐만 아니라 맛이 매우 좋고 색과 맛이 뛰어나며 신선하고 상쾌합니다. 그리고 메뉴 선택이 굉장히 많고 가격도 비싸지 않아서 가족과 함께 가기에 좋습니다. 가게의 음식들은 매우 맛있고, 모양도 매우 아름답고, 향도 매우 독특하고, 제가 먹어본 매우 맛있는 음식입니다. 저는 나중에 또 이곳에 올 것입니다."
2026-06-03,4,왜 웨이팅하는지 알겠는!!! 진쯔 맛집이에요!ㅎㅎ 음식 맛도 깔끔하고 분위기도 좋아서 재방문 의사 100퍼센트입니다:)
2026-06-03,5,대창파스타 매콤해서 하나도 안느끼하고 리조또는 특색있게 너무 맛있었어요! 추천받아서 왔는데 또오고싶어요 ㅎㅎㅎ
2026-07-19,5,퓨전 음식을 먹고 싶을 때 강추입니다! 메뉴가 완전 새롭고 맛있어서 좋은 시간 보내다가 갑니다 :)
2026-07-01,5,음식이 깔끔하고 맛있어요. 까다로운 아이 입맛에도 딱 맞는 맛집입니다!!
2026-05-16,5,"친구랑 주말 약속으로 방문했는데 매장 분위기가 정말 멋지고 세련됐어요. 한우곱창돌솥파스타는 곱창의 고소함과 매콤한 소스의 밸런스가 최고였고, 돌솥 덕분에 끝까지 따뜻하게 먹을 수 있어 좋았습니다. 숯불갈비돌솥리조또는 고기도 정말 부드럽고 숯불 향이 진해서 한 입 먹자마자 감탄했네요. 여기에 비주얼도 예쁜 오미자하이볼 곁들이니까 상큼하게 입가심 대박... 제대로 대접받는 느낌의 기분 좋은 식사였습니다. 이태원 올 때마다 생각날 것 같아요. 강력 추천합니다!"
2026-06-22,5,음식의 특색있는 맛이 좋았고 직원분들도 친절하셔서 좋아요! 인테리어가 너무 마음에 들고 이뻐서 좋은 시간 보내는데 더 좋았습니다 :)
2026-05-14,5,진짜 이름 말로만들어보고 첨와봤눈데 너무너무 맛있어요 음식 다다 맛있고 친절하시고 피클대신 짱아찌도 너무맛있어요 양도 너무많고 짱짱!! 또올께요
2026-06-28,4,특별하게 퓨젼파스타 있어서 좋았습니다 친구들끼리 나들이하면서 먹기 좋네요~ 맛도좋고 찾아오기 편하고 좋습니다
2026-06-07,4,처음 와봤는데 특별한 메뉴와 아늑한 인테리어 덕분에 좋은 시간 보냈어요!! 또 올게요☺️
2026-07-23,5,생일겸 남자친구랑 같이 왔는데 양식을 즐겨찾진않는데 여긴 퓨전이라 입에마싯게맞았어요❣️
2026-07-20,4,메뉴 종류가 다양하고 맛있어요 ~~! 조명과 분위기도 좋고 대화하기도 좋아요 😽😽 다음에 또 방문할게요 👍🏻👍🏻
2026-06-30,5,파스타 면도 적당히 삶아졌고 양도 적당했어요 비주얼 갑이고 너무너무 마싯습니다 다음에 남자친구랑도 와야겠어용!!><~~ 한남동 초ㅣ고 맛집!
2026-07-14,5,너무너뮤너무 맛있어요!!!!!!!! 일단 가게 너무 예쁜데 음식도 맛있어서 데이트 코스로 딱이에욤 한식 스타일의 양식이라 배부르고 맛있게 너무 잘 먹었습니다~~!!!
2026-07-19,4,데이트하다가 들렀는데 매장이 넓어서 바로 착석했어요 이후 웨이팅 생겼는데 회전이 잘 돼서 빨리빨리 들어가더라구요! 대창 파스타 너무 맛있었어요 대창 추가 옵션 생기면 좋겠다…. 🤤
2026-05-15,5,"분위기부터 메뉴까지 만족했던 이태원국시✨ 한우곱창돌솥파스타는 곱창 잡내 없이 쫄깃하고 크림소스랑 너무 잘 어울렸고, 돌솥이라 살짝 눌어붙는 부분까지 맛있었어요! 반계마늘돌솥리조또는 마늘향이 확 살아있는데 자극적이지 않고 고소해서 계속 퍼먹게 되는 맛😋 재방문 의사 있음!"
2026-05-15,5,한남동에서 분위기 좋은 맛집 찾다가 방문한 이태원국시. 한우곱창돌솥파스타는 고소한 곱창과 진한 소스가 잘 어우러져서 정말 독특하고 맛있었어요. 돌솥이라 끝까지 따뜻하게 먹을 수 있는 점도 좋았습니다. 반계마늘돌솥리조또는 마늘 향이 풍부하고 반계가 통째로 올라가 있어서 비주얼도 좋고 든든하게 먹기 좋았어요. 두 메뉴 모두 흔하지 않은 조합인데 맛의 완성도가 높아서 만족스러웠습니다. 특별한 메뉴를 즐기고 싶다면 추천합니다.
2026-06-28,5,분위기도 좋고 맛있어요~~다른메뉴도 궁금해서 다시 올듯!
2026-05-19,5,처음 와봤는데 너무 맛있었어요!! 메뉴도 퓨전으로 만들어져서 색다르고 매장 분위기도 밝고 세련되서 기분 좋은 식사였어요~~ 다음에 또 와볼 거 같습니다:)
2026-06-28,5,주말 저녁 기준 예약 없이 20분 정도 웨이팅 후 입장했습니다. 매장은 넓고 쾌적했고 음식도 맛있었습니다~!
2026-06-06,4,"가게 분위기나 인테리어가 새거같고 깔끔했고, 음식도 퓨전파스타식이라 신기하고 맛있었어요!!"
2026-06-28,5,오랜만에 왔는데 역시 맛있어요 ..! 한남 올때마다 오게 되네여🤭🤍 메뉴도 항상 이 조합으로 먹어요!!! 오늘도 맛있는 저녁 감사합니다 ~...🪽 다음에도 또 올게요!
2026-04-19,5,한남동에서 여유있게 즐기기 너무 좋아요! 창가테이블도 선선하고 음식도 맛있어서 다음에 또 오려구요 청양크림파스타..? 개강추 매콤할 줄 알았는데 그렇게 매콤하지도 않고 신기하고 처음 먹어보는 맛이에요!!!!!!!!!
2026-07-25,5,아이가 파스타를 좋아해서 우연히 오게됐는데 아이들이랑 오기 좋은 식당입니다. 아이식기랑 아기의자랑 구비되어 있고 분위기도 좋아요. 직원들도 친절하고 무엇보다 맛있어요. 만족합니다^^
2026-07-25,5,양식 오랜만에 먹었는데 데이트 코스로 적합해요 ! 매장도 쾌적하고 직원분께서도 친절하셔서 즐거운 식사 가능했습니다 ㅎㅎ 재방문 의사 있습니다 ! :)
2026-06-27,5,오랜만에 양식 먹으러 왔는데 너무 맛있게 먹었어요!!!다음에 또 올게요~~~
2026-06-20,5,아늑하고 편안한 매장에서 행복한 식사였습니다! 소중한 사람과 특별한 날에 오기 너무 좋을 것 같습니다 음식도 매우매우 맛있었어요❤️
2026-05-31,5,"원래 퓨전음식 별로 안 좋아하는데, 너무 맛있어요!! 특히 빠에야가 맛있었어요👍"
2026-07-16,4,너무 맛있습니다! 데이트나 친구들과 친목 약속 장소로 최고에요! 재방문 의사 있습니당!
2026-06-14,5,예전부터 SNS에서 유명해서 오고 싶었는데 이번에 왔는데 인테리어 너무 이쁘고 직원분들도 친절합니다 맛도 훌륭합니다 너무 좋아요💗
2026-04-10,5,청양차돌오일파스타 전복돌솥리조또 시켜서 먹었는데 전복돌솥리조또는 버터와 참기름 김냄새 맛나게 나서 맛나게 잘 먹었어요 특이한 메뉴도 많아서 다른 메뉴도 먹어보고싶어여 다른 사람들은 치킨들어있는거 마니 먹는거 같던데 담엔 그거 먹어보고 싶어요~~~매장도 넓고 다행히 마지막 남은 자리 겟해서 바로 앉았어요 !
2026-07-19,4,남자칭구랑 브레이크타임때문에 떠돌다가 발견한 맛집이에요! 분위기도 좋고 직원분들도 모두 친절하셔서 좋았아요!
2026-06-05,4,친구랑 같이 왔는데 너무 깔끔하고 맛있어요 남편이랑 같이 또 와야겠어요!
2026-04-11,4,"숯불대창돌솥파스타와 숯불불고기쌈피자 주문했어요. 다음에 다른 메뉴도 모두 도전해 보고 싶을 정도로 음식도 정말 맛있고, 매장이 넓어 탁 트인 분위기에요 날씨 좋은 날 방문했는데 통창으로 햇살이 들어와 기분 좋게 식사했네요. 이태원 한남동 오시면 들러보시길!"
2026-07-14,4,너무 맛잇게 잘먹습니다!!!😀😀
2026-05-03,5,뷴위기 좋고 직원들 친절하고 테라스 뷰가 시원하고 좋아요 음식이 대채로 맛있고 간도 잘되어있습니다 모든메뉴를 먹어보고싶은곳
2026-07-03,5,"직원분들도 친절하시고, 다른 곳에서 맛볼 수 없는 음식 메뉴들이 많아요!! 맛도 굿👍🏻👍🏻"
2026-05-30,4,퓨전인데 맛있어요 양식당 왔는데 한식 먹은 든든함 ㅋ 메뉴도 다양하고 굿
2026-07-15,5,양도 많고 맛있어용! 분위기도 좋고 직원분들 전부 친절하세요😄😄 담에 또 올게용~ ♡
2026-06-26,5,가게 이름처럼 이태리음식에 막창? 기대이상 조화롭게 맛있었어요. 무엇보다 면 익힘정도가 제대로된 파스타네요. 깍두기들어간 볶음밥도 진하고 맛있었어요. 흉내만 낸 음식들이 아니에요. 다음에 다른 메뉴도 먹으러 오는 재미가 있을거같아요~!
2026-06-26,5,"친구 소개로 왔는데 이른 시간부터 사람들이 좀 있었고, 들어올때부터 매장이 편안한 느낌이 있었어요:) 자리도 편하고 좌석간 간격이 넓어서 이야기 나누기에도 좋아요 특별한 메뉴가 많고 음식이 맛있어요!"
2026-07-19,5,재료 조합이 참신해요. 개인적으로 삼계리조또 추천드립니다. 맛있어요 🫶
2026-07-13,4,배부르게 먹었습니다! 생각보다 양이 엄청 많아요 된장파스타와 빠에아도 맛있는데 매운 편이니 주의하세요.! 샐러드로 중화시켰어요🥹 한국적인 맛이 많이 나는 음식이었습니다~
2026-06-26,5,분위기 좋고 이색적인 퓨전음식이 많아요 재방문의사 있습니다♡
2026-05-10,4,"맛있어요. 대창됴 매콤하게 맛있고, 반계도 슴슴한듯 하면서 두개 메뉴가 잘 어울려서 맛있게 먹었어요! 데이트 하기도 좋은거 같아요ㅎ"
2026-06-27,5,파스타랑 리조또 먹었는데 간도 너무 세지 않고 맛있게 잘 먹었어요! 에이드도 너무 단 건 안 좋아하는데 적당히 달아서 맛있었어요 :)
2026-07-04,5,처음 먹어보는 메뉴 인데 너무 맛있게 잘먹었습니다 ! 메뉴마다 특색있고 새로워서 좋았어요 ☺️
2026-06-27,5,대창 파스타 레전드 넘 맛나용
2026-05-12,5,"전복내장돌김파스타, 곱창라면(사진이 없어요ㅠㅠ), 알배추숯불갈비샐러드 시켰어요~! 김파스타가 다른 곳 에서 먹어보지 못 했던 특별한 맛이고 곱창 라면이 한남점 시그니처라 그런지 더 맛있네요😋 알배추에 숯불갈비 싸서 소스에 찍어 드셔보세요 너무 맛있어요!"
2026-06-23,5,메뉴가 독특하고 음식도 맛있습니다 지인들과 오기 좋은 곳이네요
2026-06-03,5,대창 하나도 안느끼하고 고소해용 리조또도 간이 딱 잘 되어있어서 맛있게 잘 먹었어용
2026-06-25,5,한식 느낌의 양식이라 특이하고 맛도 좋아요 양이나 가격도 한남동 생각하면 괜찮은 거 같고. 다만 데이트하기에 조용한 느낌은 아닌 거 같으니 참고하면 좋을거 같아요.
2026-06-25,5,"갈비찜버터파스타는 처음 먹어봤는데 생각보다 훨씬 맛있었어요. 면에 소스가 잘 배어 있었고, 고기는 부드럽고 불향이 은은하게 나서 좋았다. 차돌 고기가 독특했는데 오히려 파스타랑 잘 어울렸다. 전체적으로 느끼하지 않고 깔끔해서 만족스러운 한 끼였어서 추천해드립니당"
2026-05-27,5,한식스러운 양식을 먹을 수 있어서 좋았어요. 곱창메뉴에는 곱창이 듬뿍 들어있는데 부드럽고 느끼함이 없어 너무 맛있었어요. 매번 뻔한 느낌의 양식을 먹다가 오랜만에 요런느낌으로 먹을 수 있어 좋았습니다!
2026-07-17,4,돌솥에 올려주시는 파스타는 처음 봤어요!! 얼큰한 맛이 나서 느끼함도 안느껴졌어요. 엄청 맛있었구 또 오고싶어요!!
2026-06-21,5,넘무 맛있어요! 담에 또 올게요🤍
2026-07-12,5,직원 분들 너무 친절하시고 음식이 빨리 나와서 좋았어요 일요일 점심시간 피해서 가시면 좋을 것 같습니다
2026-06-27,5,너무 맛있게 먹었어요 곱창파스타는 특히 추천드려요~~!
2026-06-13,4,와 진짜 레전드 맛있고 레전더리더라더리 존맛탱이에요;;;;;;; 디른 메뉴도 더 먹고싶다아ㅜㅜㅜㅜㅜㅠ
2026-06-24,3,분위기 너무 좋고 음식도 깔끔하게 맛있었어요🍝 파스타 식감이 진짜 쫄깃하고 소스 간도 딱이라 끝까지 안 질리고 먹었습니다. 매장 분위기도 감성있어서 데이트나 친구랑 식사하러 오기 좋은 듯! 직원분들도 친절해서 기분 좋게 먹고 갑니다🙂
2026-05-31,5,서울에서 양식은 처음인데 완전 만족입니다!! 메뉴도 톡특하면서 맛도 전부 맛있어서 다음에도 또 와야겠어요!!
2026-07-16,4,항상 올때마다 너무 맛있아요! 가게두 이쁘고 직원분들도 너무 친절하세요!!
2026-07-05,5,한식이랑 이탈리아 음식을 조화롭게 요리해주셔서 너무 맛있게 먹었습니다
2026-05-25,5,대기없이 바로 이용할 수 있어서 좋았습니다! 이번에 두번째 방문인데 쌈피자?가 진짜 맛있어요!
2026-06-20,5,청첩장모임으로왔는데 전메뉴 맛있고 분위기도 너무 좋아요!!
2026-06-20,4,한식과 양식 만족 둘 다 할 수 있어서 조아욤!!!
2026-07-25,5,애매한 시간에 왔는데도 브레이크타임 없어서 밥먹기 좋있어요! 맛은 물론이구 또 올래요!!!!
2026-06-27,4,숯불대창돌솥파스타가 정말 대박입니다 대창도 맛있고 국물과 건더기도 짱이에요
2026-06-21,5,분위기도 좋고 음식도 맛있어요.
2026-05-02,5,한식 퓨전 양식이 먹고싶어 방문했는데 대창파스타랑 청양오일파스타 둘 다 너무너무 맛있었어요!!! 대창도 너무 고소하고 청양오일파스타의 청양이랑 장아찌가 느끼함을 잡아줘서 너무 맛있게 잘 먹었습니다👍 분위기도 좋아요!
2026-06-14,5,다행히 웨이팅이 없어서 맛있게 먹었습니당! 특히 불고기 피자?가 맛있었어요!! 다음에도 다른 메뉴 먹으러 재방문하고 싶습니다
2026-06-13,5,친구추천으로 와봤는데 너무 맛있어서 놀랐어요 빠에야도 너무 맛있고 라구파스타도 존맛탱이에요 또오고 싶어요 한남오면 강추 감사합니다
2026-07-19,4,메뉴가 특이해서 와봤는데 주문한 메뉴 다 맛있고 좋았어요~
2026-06-23,5,오랜만에 만난 친구랑 저녁 먹을 곳을 찾다가 메뉴가 특이해서 들어왔는데 특이한 만큼 맛있었어요! 색다른 메뉴가 많고 조합만 들으면 무슨 맛일까 싶은데 놀랍도록 다 너무 맛있고 새로워서 아주 만족스러운 식사였습니다 🫶🏻🫶🏻
2026-07-25,5,메뉴가 엄청 다양하고 다 맛있어보여서 메뉴선정도 오래 걸렸고.. ㅠㅠ 맛은 역시나 맛있었어요 파스타에서 한국적인 맛이 나는게 색다르고 좋았어요 담에 또 와서 다른 메뉴도 먹어보고 싶습니다 😊😊😊
2026-06-03,5,음식들 간도 딱 맞고 비주얼도 너무 좋아요~ 오랜만에 휴일이라 엄마와 힐링했습니다~ 재방문 의사 당연히 있고 원래 아는 맛에서 재해석하신 부분이 더해져 너무 맛있고 특별했어요!!
2026-05-15,5,대창돌솥 파스타 처음 먹어보았는데 맛있네요 돌솥이어서 따뜻함도 오래 가고 적당히 매콤한 양념이 좋았어요 위치도 한남동나들이에서 편한 위치여서 더 좋았습니다
2026-06-24,5,파스타 다 너무너무 맛있어요!!! 청양차돌오일파스타 완전 강추! 분위기도 좋아서 데이트하기 좋을 것 같아요😍😍😍또 올게요🫶🏻🫶🏻
2026-07-19,5,갑오징어빠에야 너무 부드럽고 맛있었습니다!! 뇨끼도 부드럽고 중독적인 맛이에요!!
2026-06-24,5,메뉴가 흔하지 않고 맛있어요~
2026-05-05,5,대창파스타 언제 먹어도 맛이써용 전복내장돌김파스타는 처음 먹어봤는데 자극적이지 않아서 조합이 좋은 것 같아요 !! 매장도 예쁘고 기분 좋게 식사했어요
2026-07-11,4,시그니처메뉴가 독특하고 맛있어요~! 친절히 응대해주셔서 기분좋게 식사하고갑니다!
2026-05-30,5,너무 맛있어요! 여기 분위기도 너무 이쁘구 좋아요! 연인과 오기 좋은 곳이에요! 다음에 또 들릴게요! 😆
2026-05-30,4,가격은 좀 있지만 맛있어요 ~ 미리 말해주면 좋을텐데 음식은 좀 느렸어요 ㅜ 양도 좀 많아졌으면 좋겠네용
2026-06-10,5,대체적으로 메뉴가 매콤하긴 한데 아이들과 함께 오기 좋아요. 매장도 넓고 친절하고 맛있습니다!
2026-06-27,4,음식이 너무 맛있고 분위기가 넘 좋아요~ 꼭 드셔보셔유 직원 분들도 친절해서 다음에 한남동에 오면 재방문의사 100%입니다!! 다른 메뉴도 궁금해요 ㅎㅎ
2026-06-27,3,메뉴 특별하고 신선한 재료로 맛도 너무 좋아요~웨이팅이 긴 이유 알것 같아요~ 분위기도 좋고 재방문 하고 싶네요~
2026-07-18,5,"예전부터 오고 싶었던 맛집 기대만큼 맛있는 집이네요 따뜻한 우드 계열의 인테리어, 데이트나 소개팅으로 오시면 좋을듯! 친구들이랑 친목이나 청모하기도 좋아보여요 굿굿"
2026-07-18,5,매장 쾌적하고 메뉴가 신기한 게 많아요
2026-05-27,5,싹싹 긁어먹었습니다 은근 까다로운 입맛인데 퓨전양식 걱정했는데 3개 메뉴 픽 모두 성공적 갑오징어 빠에야 짱맛있으니까 꼭 먹어보세요
2026-05-29,4,메뉴가 다양하고 매장도 넓고 쾌적해서 좋네요~^^ 퓨전파스타 맛집입니다 ❤️❤️❤️
2026-05-29,5,음식이 너무 맛있어요. 사람이 좀 몰려서 기다리긴했지만 금방가져다주셨어요. 다음에 또 오려고요:)
2026-07-25,5,"음식 너무너무 맛있구 메뉴도 다양하구 매장도 깔끔해요!! 직원분들도 친절하시고 친구,연인끼리 오기 좋을 것 같아요 분위기도 좋아요:) 한남동에서 뭐 먹을지 고민이신 분들 이태리국시 오세요옵:)"
2026-05-16,5,"맛있어서 엄마랑 또 왔어용! 다른 지점보다 여기가 유독 맛있는것 같아요 ! 음료 가격만 낮춰주면 완벽할듯,,⭐️"
2026-05-16,4,"친구들과 처음 방문했는데, 음식이 깔끔하고 아주 맛있습니다. 음식도 비교적 빨리 나와서 좋았습니다. 데이트 코스로 와도 좋을 것 같아요. 이번에는 네이버 추천 메뉴 위주로 먹었는데..다른 메뉴도 맛있어 보입니다. 추천합니다."
2026-05-29,5,"웨이팅 10분 정도 하고 들어왔어요~ 웨이팅 할만한 맛집이네요 직원분들 너무너무 친절하시고 뇨끼 존맛이에요.,,,"
2026-06-13,4,메뉴 독특하고 근데 맛있어요 흔하지 않은 메뉴라 왔는데 맛도 있습니당 ㅎㅎㅎ
2026-05-10,5,퓨전양식이라길래 와봤어영~~ 샐러드 맛있고 메뉴 전반적으로 실패 없는 맛!! 양식먹고싶은데 좀 특이한거 원하시면 꼭 와보세옹😆
2026-06-20,5,음식 진짜 다 너무 맛있어요!! 분위기도 좋고 넷이 떠들기 너무 좋았어요!
2026-05-17,4,"주말에 데이트로 왔는데 바로 입장해서 먹을 수 있었습니다! 직원분들도 모두 친절하시고 음식도 맛있어요ㅎㅎ 메뉴 이름만으로는 무슨 맛일까 고민됐는데, 막상 먹으니까 익숙하면서도 독특한 딱 퓨전 한식/이태리더라구요ㅎㅎㅎ 추천합니다!"
2026-07-01,4,청양봉골레랑곱창파스타시켰는데 진짜맛있게먹었어요 또와서다른것도먹고싶네요
2026-06-21,5,한번 와보고 싶었는데 너무 맛있고 메뉴가 독특해서 조아요💓
2026-07-17,4,음식이 독특하고 맛있어요~
2026-07-19,5,메뉴가 너무 다 맛있어요.. 가게도 이쁘구.. 친구 꼭 데려오는곳💗
2026-06-21,4,몇 년 전에 왔었는데 너무 맛있어서 다시 왔어요 다시 먹었는데도 여전히 맛있어서 추천해요!!!!! 모든 메뉴가 특이하면서 맛있어서 어떤 메뉴든 추천해요
2026-05-23,5,분위기 너무 미쳤고•••일행이 늦었는데 너무 친절하게 응대해주셔서 너무 감사했어요🫪 그리고 음식 대존맛임bb
2026-05-23,5,음식도 맛있고 분위기도 좋아요! 통창 열려있어서 시원하게 밥먹었어요 추천합니다❤️❤️
2026-07-08,5,처음 와 봤는데 너무 만족하고 갑니다. 너무 맛있어요 인테리어도 깔끔하네요 다음에 또 올 것 같습니다
2026-07-24,5,가족나들이 와서 잘 먹고 갑니다 리뷰 보고 찾아왔어요
2026-07-24,5,음식이 맛있고 독특해서 데이트하기 좋아요 ^^
2026-07-04,5,음식은 맛있어요~ 재방문 의사 있음!
2026-07-19,5,메뉴 특이하고 너무 맛있습니다~ 다음에 또 올거같아요 다른메뉴도 먹어보고싶어요!
2026-06-28,5,"SNS에서 보고 궁금해서 이태리국시 한남점 드디어 방문했습니다! 퓨전 양식이라 사실 반신반의했는데, 익숙한 한식 식재료(대창, 갈비 등)가 이탈리안 소스랑 이렇게 잘 어울릴 줄 몰랐어요. 느끼하지 않고 매콤하게 잡아주는 맛이 중독성 있어서 마지막 소스까지 싹싹 긁어먹었습니다. 한남동 특유의 세련되고 깔끔한 분위기도 좋아서 데이트나 소개팅 장소로도 딱일 것 같아요. 독특하면서도 호불호 없이 맛있는 양식 찾으시는 분들께 무조건 추천합니다. 재방문 의사 100%예요!"
2026-05-23,5,음식이 정갈하고 맛있어요. 한식과 이탈리아의 퓨전 음식이라 많이 느끼하지 않고 칼칼합니다. 다음에도 방문 예정입니다.
2026-06-20,5,전복 리조또 고소하고 크리미해서 맛있어요. 곱창 파스타는 제가 느끼한거 요즘 안좋아하는데 살짝 매콤해서 느끼함이 덜했어요!
2026-06-20,5,메뉴가 너무 맛있고 특별해서 다음에 또 오고싶은곳!
2026-05-10,5,메뉴가 특별해서 왔는데 맛도 특별하네요~ 직원분들 친절하고 음식 깔끔하게 잘 나와서 아이와 너무 너무 잘 먹었어요! 다음에 또 올 의향 있습니다^^!!
2026-07-16,5,우선 음식 너무너무 맛있었어요! 한식이랑 양식이 너무 잘 합쳐져서 거부감 없는 맛이었습니다! 다음에 한남쪽 오면 또 올거같아용!
2026-07-16,5,청양크림봉골레파스타 먹었는데 맛있었어요. 파스타면이 식감이 독특하니 씹는 즐거움이 있었어요. 매장도 깔끔하고 좋았어요.
2026-06-07,5,메뉴가 신선해서 방문했어요! 운이 좋아서 웨이팅 없이 들어왔어요! 진짜 맛있어서 다음에 또 올거에요🤪
2026-07-12,5,여자넷이서 푸파했어요!!! 음식도 빨리나오고 다 맛있었는데 대창파스타랑 빠에야 특히 추천입니당👍
2026-07-23,5,친구랑 이태원 놀러왔다가 방문했는데 시그니쳐메뉴도 독특하고 뇨끼가 맛있어요!! 매장도 넓고 분위기도 좋고 데이트로 와도 넘 좋을거 같은 곳!! 다음에 또 방문하고 싶어진~~
2026-07-23,4,스테이크 고기가 질이 너무 좋아서 부드럽게 넘어갔습니다! 후기보고 방문했는데 잘 선택한거 같아요. 전복 내장 리조또도 정말 맛있었습니다!
2026-07-05,5,공간이 멋지고 음식도 괜찮습니다 퓨전식이라서 맛있네요
2026-07-10,4,조명이랑 인테리어가 예뻐서 사진이 진짜 잘나와요 메뉴도 무난무난 맛있었어용 감튀가 별미 갈비빠에야가 존맛탱
2026-05-23,4,직원분들도 너무 친절하시고 음식도 정말 맛있었어요 😊 특히 2층에 테라스처럼 문이 열려 있는 자리 분위기가 너무 좋아서 더 기억에 남았어요. 바람도 시원하고 분위기가 좋아서 오래 머물고 싶은 곳이었습니다. 다음에 또 방문하고 싶어요!
2026-06-07,5,"파스타, 뇨끼가 정말 끝내줍니다. 이태원 올 일 있으면 꼭 들를 겁니다! 맛있게 잘 먹고 갑니다."
2026-05-09,5,곱창파스타랑 전복돌솥리조또? 같은걸 주문해봤는데 두 메뉴 전부 너무너무 맛있었어요 같이 주문한 석류하이볼도 진짜 최고입니다!!! 메인메뉴랑 너무 잘어울려요ㅎㅎ 담에 또 방문하겠습니다!!
2026-06-27,5,처음 와보는 곳이라 무얼 먹을지 고민이 많았는데 쾌적한 분위기에서 한식과 이탈리아 퓨전 음식의 정수를 맛본 것 같아 좋았어요 다음에 또 올게요
2026-05-02,5,엄마랑 공연 보러 온 김에 저녁 먹으러 왔어용 양식은 느끼하다고 안 좋아하시는데 퓨전 음식이라 만족스럽게 잘 먹었습니당 창가석 뷰가 좋아서 더더 만족했어요 !
2026-06-21,4,한남와소 먹은 파스타 중에 젤 맛있어요~~ 데이트하고 마지막 저녁식사로 딱이에요!! 가게 인테리어도 너무 이쁘고 직원 분들도 친절하셔요❤️❤️ 사진도 잘 나와유
2026-07-17,5,이틀만에 재방문했어요! 메뉴 다 맛있네용😍
2026-06-19,5,음식이 빨리나와요 너무 맛있어요 ㅠ
2026-06-14,5,근처에 볼일잇어서 와봣는데 잘먹엇습니다!
2026-06-14,4,숯불 대창돌솥파스타 매콤히니ㅜ너무 맛있거; 전복리조또 너무 밋잇어영ㅠㅠ
2026-06-20,5,"한남동와서 양식 먹고 싶을때마다 들리는 곳 ! 곱창파스타 진짜 맛있어요 피자는 퓨전음식 느낌이에요 데이트, 가족끼리 방문해도 좋아요"
2026-05-17,5,맛있었어요~ 뷰도 좋고~ 진짜 한국인들이 좋아할거같아요!! 최근에 먹어본 퓨전중에 제일 맛있았어요~~
2026-07-05,5,너무 맛있어서  싹싹 긁어먹었어요🧡 데이트 음식으루 완전추천 잘먹었습니당
2026-06-17,5,평일 저녁시간인데 운 좋게 웨이팅 없이 들어왔어욤 자리에서 nfc인식으로 주문할 수 있어서 편하구 좋네용~ 대창도 큼직하고 맘에 들어요
2026-07-17,5,리조또 종류도 많고 양도 많습니다. 그릇도 예쁘고 좋아요.
2026-06-13,5,와.. 맛있어요. 음악 좋아요.. 깨끗하고 분위기 좋네요..
2026-07-04,5,주말이라 웨이팅이 조금 있었지만 식당 분위기도 좋고 음식도 맛있어서 만족했습니다☺️
2026-07-13,5,음식이 정말 맛있어요 자극적이지 않아서 편하게 먹기 좋았습니다 다음에 또 생각날 것 같아서 재방문하고 싶습니다.
2026-06-21,5,친구랑 이태원 가서 먹을 곳 찾다가 인테리어가 너무 예쁘고 분위기 좋아요 데이트 장소로 딱일 거 같아요오!!💗음식도 맛있고 플레이팅도 짱이랍니당!!
2026-06-24,5,데이트하기 좋은 장소인거같아요 음식도 맛있어요!
2026-05-25,5,분위기도 좋고 맛도 있고 남편이랑 같이 데이트하는 기분으로 너무 잘 먹고 갑니다😸
2026-07-10,5,메뉴도 독특하고 곱창파스타 먹고싶어서왔는데 갈비깍두기리조또가 의외로 너무 맛있었어요~~ 잘 먹고갑니당~~
2026-07-05,4,직원분들도 친절하시고 매장 분위기도 넘 이뻐요!! 대창파스타 맛있어요! 강추합니당 재방문의사있어용👍
2026-07-21,5,정말루 맛나는 점심이였습니다아~!><
2026-07-22,5,특이한 메뉴가 있어서 마싯어요! 특히 삼계리조또 존맛~~~
2026-07-08,5,-갈비찜버터파스타 -갑오징어빠에야 -감자튀김 주문했습니다. 전부 다 맛있었지만 특히 빠에야가 훌륭했어요! 이번에 먹은 건 아니지만 삼계리조토도 훌륭해요.
2026-06-27,5,이태리국시 처음 와보는데  음식이 맛있고 빨리 나오고 좋네요~ 아이랑 왔는데 아이도 잘 먹어서 좋았습니다~
2026-07-04,4,신박한메뉴라서 주문햇어요~! 닭이랑 같이 나오는게 디게 신박하고 맛있네요:)ㅎㅎㅎ 지인이랑 둘다만족하면서 나왓습니다
2026-07-25,4,맛이 부담스럽지않고 좋습니다 :)
2026-07-15,5,친절하게 안내받았고 서비스너무 좋아요! 음식도 너무 맛있어요~!!
2026-07-04,5,네이버지도에서 사진만 보고 바로 직행했는데 성공적입니다. 곱창파스타가 너무 맛있어서 싹싹긁어먹었어요
2026-06-02,5,분위기도 좋고 맛있어요!!!피자가  최고!!!꼭 드세요~~~ 로제곱장파스타먹었는데 매콤하니 중독성있어요~~^^
2026-07-12,4,독특한 메뉴가 마음에 드네요. 맛있어요!
2026-05-05,4,쌈피자 너무 맛있어요! 가볍고 부담스럽지 않은데 자꾸 끌리는 맛이라 강추하는 메뉴입니다!!! 다른 파스타도 먹어보고 싶어서 또 방문할 예정이에요~!
2026-04-24,5,오랜만에 이태원 나들이 왔어요~~ ㅎㅎ 뇨끼가 정말 맛있었고!!! 대창 파스타도 양 엄청 많고 좋았어요. 통창이 있어서 약간 야장 온 느낌도 있었어요. 나중에 여름에 또 올게요~~~!! ❤️❤️
2026-06-21,4,한식이 접목된 양식이라 메뉴들이 다 신기해서 좋았어요! 그런데 맛도 좋고 분위기도 좋아서 데이트하기 너무 좋을 것 같아요 ☺️
2026-07-18,5,두번째 방문입니다. 재료가 신선하고 맛있고 독특해요😍 또 올께요~~
2026-05-31,4,다른곳에서 보지못한 메뉴가 끌려서 왔는데 너무 맛있었어요^^ 시그니처메뉴는 이유가 있네요^^
2026-07-04,5,곱창파스타도 너무 맛있었고 알배추샐러드도 맛있었어요! 힙한 분위기에서 예쁜 음식 맛있게 잘먹었습니다!
2026-07-19,5,메뉴가 다 맛있었어요. 갑오징어도 부드럽고 곱창도 냄새 안나고 질기지도 않고 맛있어요.
2026-06-07,5,저번에도 친구랑 왔었는데 이번엔 남자친구랑 재방문 했어요! 맛있어 보이는 메뉴가 마나서 고민하규 골랏네요🫶🏻 맛있게 먹었오요 이태리국시 짱!
2026-07-24,5,넘 맛있거 분위기듀 좋아요 소개팅 쌉가능
2026-07-03,5,친절하고 신기한 메뉴가 많았어요. 각자 먹고 싶은 거 하나씩 시켰는데 둘 다 맛있어요! 다음에 또 오고 싶은 가게입니다!
2026-07-25,5,분위기도 좋고 메뉴도 다 맛있었습니다 부라타돌솥떡볶이 추천해요!!
